bar,beat,sixteenth,onset_s,offset_s,midi,note,string,fret,confidence
1,1,1,3.283,3.492,62,D4,2,3,0.64
1,1,1,3.280,3.492,58,A#3,3,3,0.72
1,1,1,3.278,3.412,53,F3,4,3,0.44
1,1,1,3.277,3.531,43,G2,6,3,0.59
1,1,4,3.556,3.820,62,D4,2,3,0.84
1,1,4,3.556,3.811,58,A#3,3,3,0.82
1,2,1,3.653,3.809,43,G2,6,3,0.83
1,2,3,3.826,4.019,62,D4,2,3,0.85
1,2,3,3.826,4.009,58,A#3,3,3,0.78
2,1,1,4.015,4.186,48,C3,5,3,0.84
2,1,3,4.202,4.383,62,D4,2,3,0.83
2,1,3,4.203,4.383,58,A#3,3,3,0.77
2,1,3,4.199,4.377,52,E3,4,2,0.38
2,2,1,4.390,4.542,43,G2,6,3,0.81
2,2,3,4.566,4.730,62,D4,2,3,0.71
2,2,3,4.571,4.726,55,G3,3,0,0.60
3,1,1,4.763,4.901,65,F4,1,1,0.85
3,1,1,4.762,4.879,62,D4,2,3,0.86
3,1,1,4.761,4.974,41,F2,6,1,0.44
3,1,4,5.050,5.362,65,F4,1,1,0.82
3,1,4,5.051,5.352,62,D4,2,3,0.89
3,1,4,5.053,5.352,57,A3,3,2,0.87
3,2,1,5.159,5.382,41,F2,6,1,0.75
3,2,3,5.366,5.499,55,G3,3,0,0.50
4,1,1,5.518,5.687,50,D3,4,0,0.84
4,1,3,5.704,6.068,65,F4,1,1,0.81
4,1,3,5.705,6.237,60,C4,2,1,0.81
4,1,3,5.706,5.919,54,F#3,4,4,0.76
4,2,1,5.893,6.088,45,A2,5,0,0.79
4,2,3,6.081,6.232,50,D3,4,0,0.54
5,1,1,6.272,6.486,62,D4,2,3,0.70
5,1,1,6.273,6.555,58,A#3,3,3,0.79
5,1,1,6.275,6.396,53,F3,4,3,0.39
5,1,1,6.271,6.565,43,G2,6,3,0.73
5,1,4,6.568,6.854,62,D4,2,3,0.83
5,1,4,6.566,6.854,58,A#3,3,3,0.85
5,1,4,6.564,6.814,53,F3,4,3,0.77
5,2,1,6.669,7.003,43,G2,6,3,0.70
5,2,3,6.868,7.049,62,D4,2,3,0.84
5,2,3,6.868,7.073,58,A#3,3,3,0.82
6,1,1,7.059,7.224,48,C3,5,3,0.82
6,1,3,7.243,7.416,62,D4,2,3,0.86
6,1,3,7.242,7.416,58,A#3,3,3,0.85
6,1,3,7.237,7.401,52,E3,4,2,0.42
6,1,3,7.241,7.415,48,C3,5,3,0.38
6,2,1,7.427,7.799,48,C3,5,3,0.79
6,2,3,7.605,7.809,62,D4,2,3,0.83
6,2,3,7.606,7.809,58,A#3,3,3,0.77
7,1,3,8.010,8.163,53,F3,4,3,0.77
7,2,1,8.174,8.386,69,A4,1,5,0.82
7,2,1,8.174,8.366,63,D#4,2,4,0.85
7,2,1,8.175,8.331,60,C4,3,5,0.84
7,2,3,8.384,8.744,52,E3,4,2,0.80
8,1,1,8.575,8.764,68,G#4,1,4,0.85
8,1,1,8.578,8.728,62,D4,2,3,0.85
8,1,1,8.578,8.744,59,B3,3,4,0.78
8,1,3,8.775,9.122,51,D#3,4,1,0.79
8,2,1,8.958,9.152,67,G4,1,3,0.82
8,2,1,8.959,9.122,61,C#4,2,2,0.83
8,2,1,8.958,9.142,58,A#3,3,3,0.78
8,2,3,9.152,9.311,59,B3,2,0,0.34
8,2,3,9.157,9.316,55,G3,3,0,0.69
9,1,1,9.345,9.629,66,F#4,1,2,0.82
9,1,1,9.344,9.629,60,C4,2,1,0.85
9,1,1,9.341,9.622,50,D3,4,0,0.83
9,1,4,9.639,9.749,66,F#4,1,2,0.33
9,1,4,9.640,9.769,60,C4,2,1,0.77
9,1,4,9.643,9.769,57,A3,3,2,0.75
9,1,4,9.635,9.778,50,D3,4,0,0.49
9,2,1,9.757,10.117,45,A2,5,0,0.75
9,2,3,9.947,10.101,60,C4,2,1,0.85
9,2,3,9.947,10.117,57,A3,3,2,0.82
10,1,1,10.117,10.465,42,F#2,6,2,0.74
10,1,3,10.304,10.485,60,C4,2,1,0.75
10,1,3,10.302,10.495,57,A3,3,2,0.76
10,2,1,10.482,10.649,45,A2,5,0,0.69
10,2,3,10.668,10.842,59,B3,2,0,0.80
10,2,3,10.668,10.863,55,G3,3,0,0.74
11,1,1,10.868,11.092,43,G2,6,3,0.80
11,1,2,11.018,11.161,50,D3,4,0,0.61
11,1,4,11.127,11.251,59,B3,2,0,0.54
11,1,4,11.124,11.237,55,G3,3,0,0.64
11,2,1,11.259,11.559,44,G#2,6,4,0.61
11,2,2,11.405,11.629,53,F3,4,3,0.78
11,2,4,11.526,11.645,62,D4,2,3,0.72
11,2,4,11.533,11.659,60,C4,3,5,0.48
12,1,1,11.669,11.788,45,A2,5,0,0.77
12,1,2,11.790,11.957,53,F3,4,3,0.79
12,2,1,12.036,12.166,57,A3,3,2,0.38
12,2,1,12.036,12.305,45,A2,5,0,0.66
12,2,2,12.174,12.305,52,E3,4,2,0.69
12,2,4,12.287,12.415,55,G3,3,0,0.60
13,1,1,12.428,12.773,46,A#2,5,1,0.81
13,1,2,12.555,12.773,53,F3,4,3,0.79
13,1,4,12.659,12.812,62,D4,2,3,0.75
13,1,4,12.662,12.803,56,G#3,3,1,0.71
13,2,1,12.809,12.962,47,B2,5,2,0.75
13,2,2,12.931,13.101,54,F#3,4,4,0.76
14,1,1,13.190,13.598,64,E4,1,0,0.85
14,1,1,13.192,13.509,60,C4,2,1,0.42
14,1,1,13.190,13.588,58,A#3,3,3,0.86
14,1,1,13.188,13.578,48,C3,5,3,0.80
14,1,4,13.460,13.598,52,E3,4,2,0.48
14,2,3,13.761,13.917,62,D4,2,3,0.68
14,2,3,13.762,13.887,57,A3,3,2,0.42
15,1,3,14.156,14.374,67,G4,1,3,0.85
15,1,3,14.156,14.277,62,D4,2,3,0.84
15,1,3,14.156,14.354,57,A3,3,2,0.81
15,2,3,14.539,14.712,67,G4,1,3,0.74
15,2,3,14.539,14.645,62,D4,2,3,0.76
15,2,3,14.538,14.693,57,A3,3,2,0.65
16,1,3,14.947,15.279,65,F4,1,1,0.80
16,1,3,14.946,15.279,60,C4,2,1,0.84
16,1,3,14.945,15.270,54,F#3,4,4,0.79
16,1,3,14.943,15.289,50,D3,5,5,0.86
16,2,3,15.299,15.435,50,D3,4,0,0.40
17,1,1,15.473,15.687,62,D4,2,3,0.78
17,1,1,15.474,15.707,58,A#3,3,3,0.80
17,1,1,15.476,15.677,53,F3,4,3,0.54
17,1,1,15.475,15.767,43,G2,6,3,0.79
17,1,4,15.763,15.986,62,D4,2,3,0.81
17,1,4,15.763,16.055,58,A#3,3,3,0.81
17,1,4,15.766,15.906,53,F3,4,3,0.76
17,2,1,15.882,16.205,43,G2,6,3,0.84
17,2,3,16.068,16.195,62,D4,2,3,0.38
17,2,3,16.070,16.244,58,A#3,3,3,0.70
18,1,1,16.253,16.438,48,C3,5,3,0.83
18,1,3,16.449,16.801,62,D4,2,3,0.82
18,1,3,16.449,16.644,58,A#3,3,3,0.82
18,1,3,16.450,16.639,52,E3,4,2,0.73
18,2,1,16.646,16.798,43,G2,6,3,0.84
18,2,3,16.828,16.959,59,B3,2,0,0.77
18,2,3,16.828,16.966,55,G3,3,0,0.76
19,1,1,17.013,17.126,65,F4,1,1,0.83
19,1,1,17.010,17.140,59,B3,2,0,0.49
19,1,1,17.014,17.130,57,A3,3,2,0.39
19,1,4,17.284,17.567,65,F4,1,1,0.83
19,1,4,17.285,17.567,60,C4,2,1,0.82
19,1,4,17.286,17.567,57,A3,3,2,0.82
19,2,1,17.409,17.756,48,C3,5,3,0.83
19,2,3,17.574,17.766,65,F4,1,1,0.58
19,2,3,17.581,17.601,59,B3,2,0,0.40
19,2,3,17.581,17.766,57,A3,3,2,0.39
20,1,1,17.772,17.952,50,D3,4,0,0.80
20,1,3,17.964,18.323,65,F4,1,1,0.83
20,1,3,17.965,18.304,60,C4,2,1,0.55
20,1,3,17.969,18.141,57,A3,3,2,0.68
20,1,3,17.968,18.184,54,F#3,4,4,0.76
20,2,1,18.157,18.333,45,A2,5,0,0.73
20,2,3,18.331,18.477,50,D3,4,0,0.57
21,1,1,18.515,18.652,62,D4,2,3,0.37
21,1,1,18.515,18.751,58,A#3,3,3,0.76
21,1,1,18.510,18.890,43,G2,6,3,0.75
21,1,4,18.816,19.089,62,D4,2,3,0.82
21,1,4,18.816,19.089,58,A#3,3,3,0.80
21,2,1,18.900,19.075,43,G2,6,3,0.72
21,2,3,19.095,19.265,62,D4,2,3,0.82
21,2,3,19.096,19.269,58,A#3,3,3,0.79
22,1,1,19.266,19.450,48,C3,5,3,0.74
22,1,3,19.455,19.607,65,F4,1,1,0.31
22,1,3,19.460,19.621,62,D4,2,3,0.86
22,1,3,19.460,19.656,58,A#3,3,3,0.81
22,2,1,19.641,19.816,40,E2,6,0,0.62
22,2,3,19.841,20.064,65,F4,1,1,0.79
22,2,3,19.841,20.064,62,D4,2,3,0.85
22,2,3,19.841,20.054,57,A3,3,2,0.79
22,2,3,19.842,19.862,41,F2,6,1,0.36
23,1,3,20.229,20.402,69,A4,1,5,0.84
23,1,3,20.229,20.390,63,D#4,2,4,0.87
23,1,3,20.229,20.402,60,C4,3,5,0.79
23,1,3,20.228,20.390,53,F3,4,3,0.79
23,2,1,20.408,20.575,69,A4,1,5,0.85
23,2,1,20.408,20.576,63,D#4,2,4,0.87
23,2,1,20.408,20.575,60,C4,3,5,0.84
23,2,1,20.408,20.573,53,F3,4,3,0.81
23,2,3,20.607,20.775,68,G#4,1,4,0.84
23,2,3,20.608,20.775,62,D4,2,3,0.87
23,2,3,20.608,20.790,59,B3,3,4,0.73
23,2,3,20.609,20.775,52,E3,4,2,0.75
24,1,1,20.797,20.964,68,G#4,1,4,0.84
24,1,1,20.798,20.964,62,D4,2,3,0.88
24,1,1,20.797,20.960,59,B3,3,4,0.51
24,1,1,20.797,20.964,52,E3,4,2,0.79
24,1,3,20.995,21.153,67,G4,1,3,0.85
24,1,3,20.997,21.153,61,C#4,2,2,0.86
24,1,3,20.996,21.146,58,A#3,3,3,0.76
24,1,3,20.994,21.151,51,D#3,4,1,0.73
24,2,1,21.176,21.334,67,G4,1,3,0.85
24,2,1,21.179,21.333,61,C#4,2,2,0.85
24,2,1,21.180,21.347,58,A#3,3,3,0.72
24,2,1,21.176,21.347,51,D#3,4,1,0.77
24,2,3,21.363,21.536,64,E4,1,0,0.78
24,2,3,21.363,21.535,59,B3,2,0,0.81
24,2,3,21.364,21.540,55,G3,3,0,0.72
25,1,1,21.561,21.835,66,F#4,1,2,0.83
25,1,1,21.562,21.822,60,C4,2,1,0.85
25,1,1,21.561,21.835,57,A3,3,2,0.81
25,1,1,21.560,21.823,50,D3,4,0,0.82
25,1,4,21.843,22.004,66,F#4,1,2,0.31
25,1,4,21.842,22.133,60,C4,2,1,0.79
25,1,4,21.842,22.133,57,A3,3,2,0.80
25,1,4,21.841,22.293,50,D3,4,0,0.50
25,2,1,21.956,22.312,45,A2,5,0,0.77
25,2,3,22.140,22.298,60,C4,2,1,0.81
25,2,3,22.139,22.302,57,A3,3,2,0.74
26,1,1,22.306,22.671,42,F#2,6,2,0.70
26,1,3,22.509,22.830,60,C4,2,1,0.78
26,1,3,22.508,22.780,57,A3,3,2,0.77
26,1,3,22.507,22.671,50,D3,4,0,0.32
26,2,1,22.681,23.049,45,A2,5,0,0.73
26,2,3,22.866,23.058,59,B3,2,0,0.79
26,2,3,22.866,23.058,55,G3,3,0,0.76
27,1,1,23.062,23.446,43,G2,6,3,0.77
27,1,2,23.218,23.347,50,D3,4,0,0.58
27,1,4,23.347,23.506,59,B3,2,0,0.82
27,1,4,23.345,23.506,55,G3,3,0,0.78
27,2,1,23.489,23.735,44,G#2,6,4,0.67
27,2,2,23.614,23.805,53,F3,4,3,0.79
27,2,4,23.725,23.831,59,B3,3,4,0.69
28,1,1,23.869,24.252,45,A2,5,0,0.78
28,1,2,24.007,24.093,53,F3,4,3,0.39
28,1,4,24.116,24.242,55,G3,3,0,0.69
28,2,1,24.265,24.511,45,A2,5,0,0.66
28,2,2,24.398,24.521,52,E3,4,2,0.64
28,2,4,24.508,24.630,59,B3,2,0,0.69
28,2,4,24.510,24.614,55,G3,3,0,0.70
29,1,1,24.654,24.998,46,A#2,5,1,0.76
29,1,2,24.766,24.919,53,F3,4,3,0.74
29,1,4,24.876,25.028,62,D4,2,3,0.75
29,1,4,24.874,25.008,56,G#3,3,1,0.65
29,2,1,25.026,25.237,47,B2,5,2,0.74
29,2,2,25.151,25.356,54,F#3,4,4,0.56
30,1,1,25.410,25.675,64,E4,1,0,0.80
30,1,1,25.412,25.754,60,C4,2,1,0.42
30,1,1,25.410,25.655,58,A#3,3,3,0.39
30,1,1,25.403,25.423,52,E3,4,2,0.33
30,1,1,25.411,25.804,48,C3,5,3,0.79
30,1,4,25.686,25.834,64,E4,1,0,0.53
30,2,1,25.797,25.963,40,E2,6,0,0.60
30,2,3,25.976,26.172,65,F4,1,1,0.69
30,2,3,25.977,26.162,62,D4,2,3,0.66
30,2,3,25.977,26.073,57,A3,3,2,0.36
31,1,4,26.499,27.037,66,F#4,1,2,0.32
31,1,4,26.503,27.465,60,C4,2,1,0.77
31,1,4,26.502,27.416,58,A#3,3,3,0.62
31,1,4,26.501,27.316,51,D#3,4,1,0.35
31,1,4,26.496,27.485,42,F#2,6,2,0.65
32,2,1,27.329,27.445,51,D#3,4,1,0.38
33,1,1,27.729,27.883,62,D4,2,3,0.74
33,1,1,27.729,27.840,58,A#3,3,3,0.83
33,1,1,27.728,27.873,53,F3,4,3,0.69
33,1,1,27.726,27.983,43,G2,6,3,0.73
33,1,4,28.017,28.123,62,D4,2,3,0.78
33,1,4,28.017,28.116,58,A#3,3,3,0.79
33,1,4,28.016,28.132,53,F3,4,3,0.58
33,2,1,28.137,28.296,43,G2,6,3,0.81
33,2,3,28.316,28.465,62,D4,2,3,0.81
33,2,3,28.316,28.490,58,A#3,3,3,0.77
34,1,1,28.502,28.666,48,C3,5,3,0.77
34,1,3,28.681,28.855,62,D4,2,3,0.84
34,1,3,28.684,28.852,58,A#3,3,3,0.83
34,1,3,28.683,28.868,52,E3,4,2,0.68
34,2,1,28.872,29.032,43,G2,6,3,0.68
34,2,3,29.087,29.256,64,E4,1,0,0.57
34,2,3,29.082,29.236,58,A#3,3,3,0.44
35,1,1,29.261,29.415,64,E4,1,0,0.52
35,1,1,29.262,29.395,60,C4,2,1,0.48
35,1,4,29.558,29.703,64,E4,1,0,0.79
35,1,4,29.559,29.723,60,C4,2,1,0.75
35,1,4,29.561,29.669,55,G3,3,0,0.73
35,2,1,29.679,29.942,45,A2,5,0,0.68
35,2,3,29.855,30.002,64,E4,1,0,0.57
35,2,3,29.857,30.002,60,C4,2,1,0.54
35,2,3,29.867,29.887,59,B3,3,4,0.32
36,1,1,30.044,30.300,44,G#2,6,4,0.66
36,1,3,30.216,30.390,62,D4,2,3,0.63
36,1,3,30.217,30.390,59,B3,3,4,0.51
36,2,1,30.415,30.668,44,G#2,6,4,0.57
37,1,1,30.801,31.017,62,D4,2,3,0.77
37,1,1,30.802,30.941,58,A#3,3,3,0.81
37,1,1,30.801,31.007,53,F3,4,3,0.65
37,1,1,30.799,31.086,43,G2,6,3,0.83
37,1,4,31.093,31.375,62,D4,2,3,0.82
37,1,4,31.094,31.375,58,A#3,3,3,0.80
37,1,4,31.094,31.295,53,F3,4,3,0.72
37,2,1,31.200,31.345,43,G2,6,3,0.72
37,2,3,31.381,31.556,62,D4,2,3,0.83
37,2,3,31.380,31.564,58,A#3,3,3,0.69
38,1,1,31.570,31.753,58,A#3,3,3,0.47
38,1,1,31.571,31.912,48,C3,5,3,0.76
38,1,3,31.767,31.922,62,D4,2,3,0.56
38,1,3,31.767,31.932,58,A#3,3,3,0.54
38,2,3,32.149,32.350,65,F4,1,1,0.73
38,2,3,32.148,32.359,62,D4,2,3,0.86
38,2,3,32.148,32.350,57,A3,3,2,0.81
38,2,3,32.145,32.330,53,F3,4,3,0.46
38,2,3,32.147,32.330,41,F2,6,1,0.40
39,1,3,32.537,32.698,48,C3,5,3,0.83
39,2,1,32.739,32.926,50,D3,4,0,0.79
39,2,3,32.952,33.155,53,F3,4,3,0.38
39,2,3,32.950,33.309,41,F2,6,1,0.59
40,1,3,33.336,33.573,65,F4,1,1,0.81
40,1,3,33.336,33.553,62,D4,2,3,0.86
40,1,3,33.338,33.563,57,A3,3,2,0.81
40,2,2,33.629,33.736,48,C3,5,3,0.77
40,2,4,33.794,33.903,45,A2,5,0,0.63
41,1,1,33.920,34.240,44,G#2,6,4,0.81
41,1,4,34.195,34.478,59,B3,3,4,0.81
41,1,4,34.196,34.284,53,F3,4,3,0.77
41,2,1,34.295,34.464,44,G#2,6,4,0.77
41,2,3,34.486,34.652,59,B3,3,4,0.75
42,1,1,34.682,34.866,56,G#3,3,1,0.77
42,1,1,34.683,35.055,40,E2,6,0,0.77
42,1,3,34.863,35.214,64,E4,1,0,0.80
42,1,4,34.970,35.145,50,D3,4,0,0.69
42,2,1,35.069,35.324,40,E2,6,0,0.57
43,1,1,35.457,35.831,45,A2,5,0,0.84
43,1,2,35.605,35.722,52,E3,4,2,0.47
43,1,4,35.720,35.846,55,G3,3,0,0.69
43,2,1,35.865,36.120,47,B2,5,2,0.84
43,2,2,36.005,36.140,62,D4,2,3,0.65
43,2,4,36.118,36.240,55,G3,3,0,0.65
44,1,1,36.260,36.478,48,C3,5,3,0.81
44,1,2,36.387,36.488,52,E3,4,2,0.60
44,1,4,36.493,36.637,59,B3,2,0,0.70
44,1,4,36.493,36.625,55,G3,3,0,0.70
44,2,1,36.637,36.896,49,C#3,5,4,0.81
44,2,2,36.761,36.935,55,G3,3,0,0.56
45,1,1,37.028,37.283,66,F#4,1,2,0.81
45,1,1,37.028,37.403,60,C4,2,1,0.86
45,1,1,37.025,37.283,57,A3,3,2,0.79
45,1,1,37.020,37.275,50,D3,4,0,0.83
45,1,4,37.289,37.512,57,A3,3,2,0.55
45,1,4,37.288,37.572,50,D3,4,0,0.60
45,2,1,37.413,37.771,45,A2,5,0,0.61
45,2,3,37.598,37.771,60,C4,2,1,0.75
45,2,3,37.598,37.791,57,A3,3,2,0.72
46,1,1,37.775,38.159,42,F#2,6,2,0.79
46,1,3,37.987,38.173,60,C4,2,1,0.83
46,1,3,37.991,38.209,57,A3,3,2,0.82
46,2,1,38.177,38.507,45,A2,5,0,0.74
46,2,3,38.348,38.503,55,G3,3,0,0.65
47,1,1,38.526,38.805,60,C4,2,1,0.79
47,1,1,38.526,38.805,57,A3,3,2,0.63
47,1,1,38.528,38.796,53,F3,4,3,0.66
47,1,1,38.524,38.905,43,G2,6,3,0.69
47,1,4,38.805,39.085,53,F3,4,3,0.62
47,2,1,38.910,39.492,43,G2,6,3,0.36
47,2,3,39.109,39.343,65,F4,1,1,0.33
47,2,3,39.116,39.462,59,B3,3,4,0.76
48,1,3,39.513,39.880,62,D4,2,3,0.84
48,1,3,39.515,39.880,58,A#3,3,3,0.84
48,1,3,39.513,39.731,52,E3,4,2,0.52
48,2,1,39.699,39.869,43,G2,6,3,0.81
48,2,3,39.881,40.055,50,D3,4,0,0.55
49,1,1,40.079,40.298,62,D4,2,3,0.69
49,1,1,40.082,40.367,57,A3,3,2,0.74
49,1,1,40.081,40.417,41,F2,6,1,0.57
49,1,4,40.374,40.507,65,F4,1,1,0.80
49,1,4,40.374,40.497,62,D4,2,3,0.75
49,1,4,40.375,40.497,57,A3,3,2,0.82
49,2,1,40.505,40.676,57,A3,3,2,0.35
49,2,1,40.502,40.657,48,C3,5,3,0.71
49,2,3,40.672,40.851,65,F4,1,1,0.77
50,1,1,40.864,41.193,46,A#2,5,1,0.80
50,1,3,41.038,41.213,65,F4,1,1,0.33
50,1,3,41.038,41.205,62,D4,2,3,0.80
50,1,3,41.029,41.213,55,G3,3,0,0.31
50,2,1,41.227,41.412,41,F2,6,1,0.41
50,2,3,41.425,41.579,55,G3,3,0,0.52
51,1,1,41.597,41.810,60,C4,2,1,0.70
51,1,1,41.596,41.830,50,D3,4,0,0.73
51,1,4,41.884,42.168,65,F4,1,1,0.78
51,1,4,41.886,41.996,61,C#4,2,2,0.80
51,1,4,41.886,42.038,55,G3,3,0,0.76
51,2,1,41.995,42.160,46,A#2,5,1,0.77
51,2,3,42.179,42.362,65,F4,1,1,0.80
51,2,3,42.182,42.367,61,C#4,2,2,0.74
52,1,1,42.367,42.506,63,D#4,2,4,0.31
52,1,1,42.375,42.725,44,G#2,6,4,0.75
52,1,3,42.555,42.934,65,F4,1,1,0.85
52,1,3,42.556,42.914,60,C4,2,1,0.87
52,1,3,42.558,42.904,54,F#3,4,4,0.84
52,2,1,42.739,42.964,44,G#2,6,4,0.70
52,2,3,42.956,43.080,50,D3,4,0,0.70
53,1,1,43.131,43.312,63,D#4,2,4,0.78
53,1,1,43.133,43.263,59,B3,3,4,0.73
53,1,1,43.127,43.312,53,F3,4,3,0.63
53,1,4,43.413,43.570,63,D#4,2,4,0.81
53,1,4,43.416,43.560,59,B3,3,4,0.80
53,1,4,43.416,43.650,53,F3,4,3,0.70
53,2,1,43.516,43.869,44,G#2,6,4,0.75
53,2,3,43.719,43.899,63,D#4,2,4,0.78
53,2,3,43.723,43.868,59,B3,3,4,0.78
53,2,3,43.718,43.899,53,F3,4,3,0.45
54,1,1,43.912,44.074,43,G2,6,3,0.83
54,1,3,44.099,44.446,63,D#4,2,4,0.85
54,1,3,44.101,44.293,59,B3,3,4,0.87
54,1,3,44.098,44.289,53,F3,4,3,0.81
54,2,1,44.301,44.635,43,G2,6,3,0.77
54,2,3,44.464,44.635,50,D3,4,0,0.58
55,1,1,44.659,45.033,62,D4,2,3,0.83
55,1,1,44.659,45.043,58,A#3,3,3,0.83
55,1,1,44.657,44.963,48,C3,5,3,0.82
55,1,4,44.948,45.192,52,E3,4,2,0.52
55,2,1,45.052,45.361,43,G2,6,3,0.77
55,2,3,45.229,45.337,62,D4,2,3,0.81
55,2,3,45.229,45.334,58,A#3,3,3,0.77
56,1,1,45.429,45.620,48,C3,5,3,0.83
56,1,3,45.618,46.027,61,C#4,2,2,0.86
56,1,3,45.619,46.017,58,A#3,3,3,0.87
56,1,3,45.617,45.801,52,E3,4,2,0.78
56,2,1,45.802,46.147,43,G2,6,3,0.81
57,1,1,46.172,46.296,63,D#4,2,4,0.33
57,1,1,46.173,46.356,57,A3,3,2,0.71
57,1,1,46.173,46.515,42,F#2,6,2,0.47
57,2,1,46.565,46.733,45,A2,5,0,0.58
57,2,3,46.761,46.903,60,C4,2,1,0.37
58,1,1,46.959,47.132,48,C3,5,3,0.41
58,1,3,47.129,47.301,63,D#4,2,4,0.76
58,1,3,47.131,47.301,57,A3,3,2,0.69
58,1,3,47.130,47.291,54,F#3,4,4,0.74
58,2,1,47.323,47.451,45,A2,5,0,0.68
58,2,3,47.509,47.695,64,E4,1,0,0.80
58,2,3,47.505,47.639,60,C4,2,1,0.31
58,2,3,47.509,47.684,55,G3,3,0,0.80
58,2,3,47.506,47.685,48,C3,5,3,0.79
59,1,1,47.715,47.846,50,D3,4,0,0.72
59,1,3,47.895,48.047,63,D#4,2,4,0.66
59,1,3,47.899,47.987,58,A#3,3,3,0.38
59,1,3,47.897,47.917,46,A#2,5,1,0.32
59,2,1,48.079,48.250,62,D4,2,3,0.74
59,2,1,48.081,48.236,58,A#3,3,3,0.48
59,2,1,48.083,48.226,46,A#2,5,1,0.46
59,2,3,48.302,48.662,61,C#4,2,2,0.81
59,2,3,48.301,48.862,55,G3,3,0,0.82
59,2,3,48.302,48.662,45,A2,5,0,0.82
60,1,3,48.680,48.982,64,E4,1,0,0.78
60,2,1,48.876,48.985,55,G3,3,0,0.66
60,2,2,48.990,49.121,45,A2,5,0,0.55
60,2,3,49.063,49.141,47,B2,5,2,0.31
60,2,4,49.156,49.270,55,G3,3,0,0.34
60,2,4,49.165,49.270,49,C#3,5,4,0.55
61,1,1,49.272,49.658,50,D3,4,0,0.79
61,1,2,49.416,49.569,57,A3,3,2,0.69
61,1,4,49.526,49.698,66,F#4,1,2,0.81
61,1,4,49.530,49.708,60,C4,2,1,0.79
61,2,1,49.675,49.907,42,F#2,6,2,0.70
61,2,2,49.810,49.927,50,D3,4,0,0.57
61,2,4,49.914,50.046,60,C4,2,1,0.72
61,2,4,49.915,50.036,55,G3,3,0,0.67
62,1,1,50.028,50.335,43,G2,6,3,0.73
62,1,2,50.169,50.345,53,F3,4,3,0.34
62,1,4,50.362,50.613,59,B3,2,0,0.82
62,1,4,50.361,50.623,55,G3,3,0,0.75
62,2,1,50.459,50.633,45,A2,5,0,0.60
62,2,3,50.636,50.802,60,C4,2,1,0.58
62,2,3,50.638,50.862,58,A#3,3,3,0.80
62,2,3,50.638,50.822,52,E3,4,2,0.74
62,2,3,50.635,50.852,48,C3,5,3,0.70
63,2,1,51.175,52.185,62,D4,2,3,0.84
63,2,1,51.175,52.165,58,A#3,3,3,0.81
63,2,1,51.173,52.039,52,E3,4,2,0.80
63,2,1,51.172,52.155,48,C3,5,3,0.78
64,2,3,52.177,52.329,50,D3,4,0,0.61
65,1,1,52.380,52.593,62,D4,2,3,0.65
65,1,1,52.380,52.603,58,A#3,3,3,0.73
65,1,1,52.381,52.603,53,F3,4,3,0.75
65,1,1,52.380,52.400,43,G2,6,3,0.32
65,1,4,52.667,52.774,62,D4,2,3,0.86
65,1,4,52.666,52.951,58,A#3,3,3,0.83
65,1,4,52.667,52.951,53,F3,4,3,0.82
65,2,1,52.769,53.100,43,G2,6,3,0.80
65,2,3,52.960,53.088,62,D4,2,3,0.84
65,2,3,52.958,53.130,58,A#3,3,3,0.76
65,2,3,52.957,53.130,53,F3,4,3,0.39
66,1,1,53.145,53.399,48,C3,5,3,0.75
66,1,3,53.362,53.534,62,D4,2,3,0.88
66,1,3,53.362,53.727,58,A#3,3,3,0.84
66,1,3,53.364,53.548,52,E3,4,2,0.59
66,2,1,53.549,53.729,43,G2,6,3,0.77
66,2,3,53.763,53.891,50,D3,4,0,0.62
67,1,1,53.934,54.165,65,F4,1,1,0.85
67,1,1,53.934,54.155,60,C4,2,1,0.82
67,1,1,53.935,54.174,57,A3,3,2,0.84
67,1,1,53.934,54.055,48,C3,5,3,0.37
67,1,4,54.224,54.463,65,F4,1,1,0.88
67,1,4,54.226,54.483,60,C4,2,1,0.84
67,1,4,54.228,54.493,57,A3,3,2,0.86
67,2,1,54.341,54.523,48,C3,5,3,0.44
67,2,3,54.505,54.682,65,F4,1,1,0.70
67,2,3,54.509,54.632,59,B3,2,0,0.52
67,2,3,54.515,54.632,57,A3,3,2,0.41
68,1,1,54.701,54.876,50,D3,4,0,0.66
68,1,3,54.903,55.064,65,F4,1,1,0.85
68,1,3,54.903,55.056,60,C4,2,1,0.83
68,1,3,54.901,55.060,54,F#3,4,4,0.49
68,2,1,55.097,55.308,45,A2,5,0,0.71
69,1,1,55.464,55.637,62,D4,2,3,0.76
69,1,1,55.465,55.582,58,A#3,3,3,0.83
69,1,1,55.466,55.567,53,F3,4,3,0.35
69,1,1,55.466,55.746,43,G2,6,3,0.79
69,1,4,55.761,55.877,62,D4,2,3,0.84
69,1,4,55.761,55.875,58,A#3,3,3,0.85
69,1,4,55.761,56.005,53,F3,4,3,0.60
69,2,1,55.871,56.174,43,G2,6,3,0.74
69,2,3,56.047,56.234,62,D4,2,3,0.87
69,2,3,56.048,56.363,58,A#3,3,3,0.80
70,1,1,56.239,56.415,48,C3,5,3,0.82
70,1,3,56.438,56.801,62,D4,2,3,0.86
70,1,3,56.439,56.603,58,A#3,3,3,0.86
70,1,3,56.439,56.811,52,E3,4,2,0.65
70,1,3,56.441,56.603,48,C3,5,3,0.54
70,2,1,56.619,57.010,48,C3,5,3,0.79
70,2,3,56.813,57.019,62,D4,2,3,0.85
70,2,3,56.814,56.971,58,A#3,3,3,0.84
71,1,3,57.215,57.374,69,A4,1,5,0.84
71,1,3,57.215,57.378,63,D#4,2,4,0.87
71,1,3,57.215,57.388,60,C4,3,5,0.76
71,1,3,57.213,57.378,53,F3,4,3,0.82
71,2,1,57.398,57.560,69,A4,1,5,0.85
71,2,1,57.397,57.558,63,D#4,2,4,0.87
71,2,1,57.399,57.577,60,C4,3,5,0.77
71,2,1,57.398,57.558,53,F3,4,3,0.83
71,2,3,57.593,57.754,68,G#4,1,4,0.83
71,2,3,57.597,57.754,62,D4,2,3,0.85
71,2,3,57.599,57.775,59,B3,3,4,0.66
71,2,3,57.600,57.775,52,E3,4,2,0.72
72,1,1,57.780,57.940,68,G#4,1,4,0.82
72,1,1,57.781,57.942,62,D4,2,3,0.85
72,1,1,57.782,57.955,59,B3,3,4,0.74
72,1,1,57.782,57.974,52,E3,4,2,0.76
72,1,3,57.978,58.129,67,G4,1,3,0.86
72,1,3,57.979,58.129,61,C#4,2,2,0.86
72,1,3,57.979,58.144,58,A#3,3,3,0.70
72,1,3,57.978,58.144,51,D#3,4,1,0.82
72,2,1,58.156,58.308,67,G4,1,3,0.86
72,2,1,58.157,58.309,61,C#4,2,2,0.86
72,2,1,58.158,58.306,58,A#3,3,3,0.81
72,2,1,58.156,58.333,51,D#3,4,1,0.76
72,2,3,58.340,58.518,64,E4,1,0,0.83
72,2,3,58.344,58.516,59,B3,2,0,0.84
72,2,3,58.343,58.518,55,G3,3,0,0.79
73,1,1,58.542,58.949,66,F#4,1,2,0.83
73,1,1,58.544,58.820,60,C4,2,1,0.85
73,1,1,58.542,58.820,57,A3,3,2,0.77
73,1,1,58.539,59.009,50,D3,4,0,0.81
73,1,4,58.832,59.118,60,C4,2,1,0.76
73,1,4,58.834,59.118,57,A3,3,2,0.76
73,2,1,58.951,59.297,45,A2,5,0,0.70
73,2,3,59.131,59.305,60,C4,2,1,0.84
73,2,3,59.131,59.307,57,A3,3,2,0.81
73,2,3,59.131,59.327,50,D3,4,0,0.47
74,1,1,59.313,59.496,57,A3,3,2,0.32
74,1,1,59.312,59.675,42,F#2,6,2,0.73
74,1,3,59.506,59.671,60,C4,2,1,0.79
74,1,3,59.505,59.670,57,A3,3,2,0.77
74,1,3,59.503,59.685,50,D3,4,0,0.49
74,2,1,59.690,60.063,45,A2,5,0,0.73
74,2,3,59.871,60.083,59,B3,2,0,0.76
74,2,3,59.873,60.054,55,G3,3,0,0.72
75,1,1,60.086,60.223,50,D3,4,0,0.62
75,1,1,60.083,60.451,43,G2,6,3,0.70
75,1,2,60.222,60.332,53,F3,4,3,0.69
75,1,4,60.341,60.456,58,A#3,3,3,0.76
75,1,4,60.342,60.455,53,F3,4,3,0.70
75,2,1,60.468,60.750,44,G#2,6,4,0.71
75,2,2,60.607,60.829,53,F3,4,3,0.78
75,2,4,60.723,60.859,59,B3,3,4,0.65
76,1,1,60.861,61.081,45,A2,5,0,0.75
76,1,4,61.097,61.237,59,B3,2,0,0.35
76,1,4,61.105,61.230,55,G3,3,0,0.68
76,2,1,61.255,61.496,45,A2,5,0,0.73
76,2,4,61.484,61.566,59,B3,2,0,0.33
76,2,4,61.488,61.602,55,G3,3,0,0.57
77,1,1,61.632,61.963,46,A#2,5,1,0.75
77,1,2,61.742,61.894,53,F3,4,3,0.68
77,1,3,61.841,61.957,62,D4,2,3,0.70
77,1,3,61.841,61.963,56,G#3,3,1,0.62
77,2,1,61.989,62.272,47,B2,5,2,0.62
77,2,2,62.134,62.154,54,F#3,4,4,0.31
78,1,1,62.385,62.749,64,E4,1,0,0.80
78,1,1,62.385,62.726,58,A#3,3,3,0.84
78,1,1,62.383,62.749,48,C3,5,3,0.81
78,2,1,62.763,62.886,45,A2,5,0,0.55
78,2,3,62.935,63.091,62,D4,2,3,0.69
78,2,3,62.937,63.117,57,A3,3,2,0.55
79,2,1,63.513,63.645,67,G4,1,3,0.71
79,2,1,63.512,63.645,62,D4,2,3,0.75
79,2,1,63.511,63.645,57,A3,3,2,0.74
79,2,1,63.508,63.645,48,C3,5,3,0.73
79,2,3,63.657,63.734,67,G4,1,3,0.66
79,2,3,63.656,63.754,62,D4,2,3,0.67
79,2,3,63.656,63.873,57,A3,3,2,0.45
79,2,3,63.655,63.734,48,C3,5,3,0.36
79,2,4,63.746,63.853,67,G4,1,3,0.48
79,2,4,63.762,63.853,62,D4,2,3,0.57
79,2,4,63.741,64.391,48,C3,5,3,0.35
80,1,1,63.864,64.092,67,G4,1,3,0.71
80,1,1,63.864,63.993,62,D4,2,3,0.51
80,1,1,63.879,63.993,57,A3,3,2,0.51
80,1,3,64.007,64.097,62,D4,2,3,0.69
80,1,3,64.008,64.092,57,A3,3,2,0.56
80,1,4,64.103,64.440,67,G4,1,3,0.74
80,1,4,64.099,64.331,62,D4,2,3,0.38
80,1,4,64.099,64.550,57,A3,3,2,0.37
81,1,2,64.697,64.908,52,E3,5,7,0.64
81,1,2,64.698,65.664,45,A2,6,5,0.80
81,2,1,64.916,65.276,52,E3,5,7,0.81
81,2,3,65.107,65.634,55,G3,4,5,0.84
82,1,1,65.313,65.674,69,A4,1,5,0.76
82,1,1,65.312,65.664,66,F#4,2,7,0.82
82,1,1,65.311,65.656,61,C#4,3,6,0.83
82,2,1,65.678,65.833,67,G4,1,3,0.32
82,2,1,65.679,66.042,52,E3,4,2,0.80
82,2,3,65.870,66.082,55,G3,3,0,0.63
83,1,1,66.074,66.241,40,E2,6,0,0.66
83,1,3,66.256,67.236,43,G2,6,3,0.75
83,2,1,66.449,66.659,50,D3,5,5,0.81
83,2,3,66.648,66.937,53,F3,4,3,0.81
84,1,1,66.853,67.241,67,G4,1,3,0.85
84,1,1,66.853,67.256,64,E4,2,5,0.83
84,1,1,66.854,67.239,59,B3,3,4,0.85
84,2,1,67.260,67.425,65,F4,1,1,0.34
84,2,1,67.262,67.442,50,D3,4,0,0.86
84,2,3,67.459,67.624,53,F3,4,3,0.80
85,1,1,67.640,67.832,40,E2,6,0,0.75
85,1,3,67.844,68.797,41,F2,6,1,0.80
85,2,1,68.037,68.219,48,C3,5,3,0.83
85,2,3,68.232,68.429,51,D#3,4,1,0.80
86,1,1,68.434,68.887,65,F4,1,1,0.81
86,1,1,68.434,68.811,62,D4,2,3,0.88
86,1,1,68.434,68.807,57,A3,3,2,0.85
86,2,1,68.820,69.000,48,C3,5,3,0.82
86,2,3,69.014,69.179,51,D#3,4,1,0.73
87,1,1,69.193,69.368,40,E2,6,0,0.84
87,1,3,69.388,70.558,40,E2,6,0,0.83
87,2,1,69.579,69.779,47,B2,5,2,0.85
87,2,3,69.785,69.971,50,D3,4,0,0.78
88,1,1,69.989,70.399,64,E4,1,0,0.86
88,1,1,69.991,70.399,61,C#4,2,2,0.84
88,1,1,69.988,70.391,56,G#3,3,1,0.83
88,2,2,70.398,70.559,50,D3,4,0,0.69
88,2,4,70.574,70.723,56,G#3,3,1,0.76
89,1,1,70.747,70.950,50,D3,4,0,0.78
89,1,4,70.968,71.354,51,D#3,4,1,0.85
89,2,2,71.172,71.331,55,G3,3,0,0.86
89,2,4,71.357,71.545,61,C#4,2,2,0.87
90,1,2,71.560,71.740,55,G3,3,0,0.83
90,2,1,71.759,71.940,65,F4,1,1,0.86
90,2,3,71.957,72.126,61,C#4,2,2,0.84
91,1,1,72.133,72.298,46,A#2,5,1,0.84
91,1,3,72.318,72.503,45,A2,5,0,0.81
91,2,1,72.523,74.070,44,G#2,6,4,0.83
91,2,3,72.725,73.055,51,D#3,4,1,0.87
92,1,1,72.904,73.109,60,C4,2,1,0.89
92,1,3,73.114,73.280,54,F#3,4,4,0.85
92,2,1,73.299,73.465,63,D#4,2,4,0.84
92,2,3,73.484,73.668,60,C4,2,1,0.87
93,1,1,73.685,73.865,68,G#4,1,4,0.85
93,1,3,73.880,74.069,63,D#4,2,4,0.87
93,2,1,74.084,74.637,50,D3,4,0,0.86
93,2,3,74.285,74.451,54,F#3,4,4,0.84
94,1,1,74.466,74.641,60,C4,2,1,0.83
94,1,3,74.650,74.844,54,F#3,4,4,0.81
94,2,1,74.858,75.050,64,E4,1,0,0.84
94,2,3,75.057,75.237,54,F#3,4,4,0.77
95,1,1,75.254,75.435,60,C4,2,1,0.82
95,1,3,75.454,75.615,50,D3,4,0,0.71
95,2,1,75.626,76.964,43,G2,6,3,0.83
95,2,3,75.834,76.008,53,F3,4,3,0.78
96,1,1,76.025,76.218,60,C4,2,1,0.81
96,1,1,76.025,76.203,57,A3,3,2,0.81
96,1,3,76.215,76.905,53,F3,4,3,0.81
96,2,1,76.434,76.944,59,B3,3,4,0.75
97,1,3,77.022,77.203,62,D4,2,3,0.47
97,1,3,77.021,77.189,59,B3,3,4,0.79
97,1,3,77.020,77.188,55,G3,4,5,0.77
97,1,3,77.018,77.193,50,D3,5,5,0.58
97,2,1,77.209,77.411,62,D4,2,3,0.82
97,2,1,77.210,77.492,58,A#3,3,3,0.82
97,2,1,77.212,77.492,52,E3,4,2,0.72
97,2,1,77.211,77.492,48,C3,5,3,0.82
97,2,4,77.499,77.730,62,D4,2,3,0.51
97,2,4,77.500,77.740,58,A#3,3,3,0.67
97,2,4,77.498,77.661,52,E3,4,2,0.40
98,1,1,77.600,77.756,43,G2,6,3,0.74
98,1,3,77.780,77.969,59,B3,2,0,0.80
98,1,3,77.782,77.963,55,G3,3,0,0.79
98,1,3,77.784,77.804,50,D3,4,0,0.37
98,2,1,77.990,78.337,48,C3,5,3,0.61
98,2,3,78.146,78.357,64,E4,1,0,0.61
98,2,3,78.148,78.333,60,C4,2,1,0.87
98,2,3,78.151,78.332,55,G3,3,0,0.84
99,1,1,78.359,78.520,43,G2,6,3,0.70
99,1,3,78.538,78.705,59,B3,2,0,0.84
99,1,3,78.538,78.679,55,G3,3,0,0.80
99,2,1,78.721,78.864,60,C4,2,1,0.50
99,2,1,78.721,79.033,53,F3,4,3,0.75
99,2,1,78.720,79.024,48,C3,5,3,0.78
99,2,2,78.875,79.103,60,C4,2,1,0.63
100,1,1,79.088,79.441,43,G2,6,3,0.69
100,1,3,79.283,79.446,60,C4,2,1,0.85
100,1,3,79.285,79.461,56,G#3,3,1,0.81
100,2,1,79.468,79.849,48,C3,5,3,0.80
100,2,3,79.643,79.889,60,C4,2,1,0.80
100,2,3,79.645,79.849,53,F3,4,3,0.72
101,1,1,79.854,80.068,43,G2,6,3,0.72
101,1,3,80.041,80.187,62,D4,2,3,0.32
101,1,3,80.034,80.207,59,B3,3,4,0.53
101,1,3,80.034,80.196,55,G3,4,5,0.57
101,2,1,80.238,80.476,66,F#4,1,2,0.88
101,2,1,80.236,80.480,63,D#4,2,4,0.84
101,2,1,80.238,80.496,57,A3,3,2,0.85
101,2,1,80.236,80.476,48,C3,5,3,0.83
101,2,4,80.500,80.655,66,F#4,1,2,0.78
101,2,4,80.502,80.645,63,D#4,2,4,0.80
101,2,4,80.501,80.609,57,A3,3,2,0.79
101,2,4,80.494,80.615,47,B2,5,2,0.46
102,1,1,80.622,80.983,43,G2,6,3,0.67
102,1,3,80.810,81.003,66,F#4,1,2,0.86
102,1,3,80.811,81.003,63,D#4,2,4,0.86
102,1,3,80.812,81.003,57,A3,3,2,0.83
102,2,1,81.007,81.351,48,C3,5,3,0.80
102,2,3,81.182,81.381,66,F#4,1,2,0.87
102,2,3,81.183,81.381,63,D#4,2,4,0.86
102,2,3,81.184,81.381,57,A3,3,2,0.84
103,1,1,81.360,81.548,43,G2,6,3,0.71
103,1,3,81.577,81.706,55,G3,4,5,0.68
103,2,1,81.752,82.018,64,E4,2,5,0.82
103,2,1,81.751,81.958,58,A#3,3,3,0.83
103,2,1,81.744,81.878,55,G3,4,5,0.32
103,2,1,81.750,81.968,48,C3,5,3,0.66
103,2,2,81.897,82.008,45,A2,6,5,0.37
103,2,4,82.029,82.140,64,E4,2,5,0.81
103,2,4,82.030,82.141,58,A#3,3,3,0.84
103,2,4,82.030,82.187,55,G3,4,5,0.72
104,1,1,82.145,82.495,43,G2,6,3,0.82
104,1,3,82.341,82.525,64,E4,2,5,0.73
104,1,3,82.342,82.515,58,A#3,3,3,0.62
104,1,3,82.342,82.664,55,G3,4,5,0.64
104,2,1,82.536,82.973,48,C3,5,3,0.85
104,2,3,82.737,83.062,64,E4,2,5,0.82
104,2,3,82.739,83.032,58,A#3,3,3,0.81
104,2,3,82.739,83.042,55,G3,4,5,0.76
105,1,1,82.919,83.102,43,G2,6,3,0.77
105,1,3,83.106,83.253,59,B3,2,0,0.81
105,1,3,83.106,83.252,55,G3,3,0,0.80
105,1,3,83.105,83.271,50,D3,4,0,0.75
105,2,1,83.279,83.541,65,F4,1,1,0.81
105,2,1,83.285,83.543,61,C#4,2,2,0.75
105,2,1,83.282,83.550,48,C3,5,3,0.73
105,2,4,83.555,83.848,65,F4,1,1,0.80
105,2,4,83.556,83.664,61,C#4,2,2,0.75
105,2,4,83.557,83.689,51,D#3,4,1,0.67
106,1,1,83.667,83.997,43,G2,6,3,0.72
106,1,3,83.853,84.033,65,F4,1,1,0.83
106,1,3,83.853,84.035,61,C#4,2,2,0.77
106,2,1,84.046,84.246,48,C3,5,3,0.75
106,2,3,84.234,84.417,65,F4,1,1,0.84
106,2,3,84.236,84.417,61,C#4,2,2,0.85
106,2,3,84.237,84.435,56,G#3,3,1,0.79
107,1,1,84.419,84.614,43,G2,6,3,0.73
107,1,3,84.609,84.769,65,F4,1,1,0.78
107,1,3,84.610,84.793,59,B3,2,0,0.77
107,1,3,84.611,84.766,55,G3,3,0,0.75
107,2,1,84.809,85.057,66,F#4,1,2,0.83
107,2,1,84.808,85.057,62,D4,2,3,0.86
107,2,1,84.808,85.055,57,A3,3,2,0.83
107,2,1,84.808,85.201,48,C3,5,3,0.82
107,2,4,85.076,85.186,66,F#4,1,2,0.78
107,2,4,85.077,85.194,62,D4,2,3,0.82
107,2,4,85.077,85.187,57,A3,3,2,0.79
108,1,1,85.193,85.569,43,G2,6,3,0.70
108,1,3,85.394,85.581,66,F#4,1,2,0.83
108,1,3,85.393,85.579,62,D4,2,3,0.86
108,1,3,85.393,85.575,57,A3,3,2,0.85
108,2,1,85.594,85.937,48,C3,5,3,0.61
108,2,3,85.791,85.942,66,F#4,1,2,0.85
108,2,3,85.791,85.951,62,D4,2,3,0.86
108,2,3,85.789,85.943,57,A3,3,2,0.85
109,1,1,85.962,86.129,43,G2,6,3,0.74
109,1,3,86.154,86.305,67,G4,1,3,0.37
109,1,3,86.159,86.309,55,G3,3,0,0.74
109,2,1,86.349,86.643,67,G4,1,3,0.82
109,2,1,86.350,86.628,64,E4,2,5,0.85
109,2,1,86.348,86.643,58,A#3,3,3,0.76
109,2,1,86.344,86.629,48,C3,5,3,0.82
109,2,4,86.651,86.942,67,G4,1,3,0.83
109,2,4,86.650,86.747,64,E4,2,5,0.80
109,2,4,86.650,86.892,58,A#3,3,3,0.79
110,1,1,86.749,87.111,43,G2,6,3,0.76
110,1,3,86.948,87.131,67,G4,1,3,0.82
110,1,3,86.948,87.085,64,E4,2,5,0.84
110,1,3,86.948,87.121,58,A#3,3,3,0.81
110,2,1,87.143,87.698,48,C3,5,3,0.80
110,2,3,87.325,87.578,67,G4,1,3,0.85
110,2,3,87.326,87.496,64,E4,2,5,0.85
110,2,3,87.326,87.496,58,A#3,3,3,0.82
111,1,1,87.501,87.887,43,G2,6,3,0.73
111,1,3,87.703,87.863,58,A#3,3,3,0.74
111,2,1,87.897,88.275,67,G4,1,3,0.75
111,2,1,87.899,88.253,64,E4,2,5,0.80
111,2,1,87.897,88.165,58,A#3,3,3,0.82
111,2,1,87.893,88.254,48,C3,5,3,0.79
111,2,4,88.179,88.251,58,A#3,3,3,0.46
112,1,1,88.280,88.454,67,G4,1,3,0.83
112,1,1,88.279,88.457,64,E4,2,5,0.81
112,1,1,88.279,88.449,58,A#3,3,3,0.66
112,1,1,88.274,88.453,48,C3,5,3,0.53
112,1,3,88.474,88.643,67,G4,1,3,0.79
112,1,3,88.474,88.637,64,E4,2,5,0.80
112,1,3,88.470,88.702,58,A#3,3,3,0.77
112,1,3,88.468,88.636,48,C3,5,3,0.65
113,1,3,89.262,89.439,61,C#4,2,2,0.65
113,1,3,89.262,89.428,57,A3,3,2,0.82
113,1,3,89.264,89.432,52,E3,4,2,0.76
113,1,3,89.263,89.433,42,F#2,6,2,0.77
113,2,1,89.454,89.717,62,D4,2,3,0.76
113,2,1,89.455,89.717,58,A#3,3,3,0.78
113,2,1,89.458,89.568,53,F3,4,3,0.45
113,2,1,89.456,89.797,43,G2,6,3,0.78
113,2,4,89.725,90.006,62,D4,2,3,0.71
113,2,4,89.726,90.006,58,A#3,3,3,0.64
114,1,1,89.802,89.995,43,G2,6,3,0.73
114,1,3,90.011,90.195,62,D4,2,3,0.72
114,1,3,90.011,90.185,58,A#3,3,3,0.59
114,2,1,90.219,90.389,48,C3,5,3,0.73
114,2,3,90.411,90.602,64,E4,1,0,0.49
114,2,3,90.408,90.642,62,D4,2,3,0.83
114,2,3,90.408,90.586,58,A#3,3,3,0.84
115,1,1,90.598,90.757,43,G2,6,3,0.61
115,1,3,90.779,90.961,62,D4,2,3,0.38
115,2,1,90.983,91.110,60,C4,2,1,0.40
115,2,1,90.979,91.120,57,A3,3,2,0.50
115,2,4,91.262,91.548,60,C4,2,1,0.80
115,2,4,91.264,91.548,57,A3,3,2,0.79
115,2,4,91.264,91.528,52,E3,4,2,0.74
116,1,1,91.374,91.587,41,F2,6,1,0.57
116,1,3,91.562,91.756,59,B3,3,4,0.57
116,2,1,91.752,91.908,50,D3,4,0,0.65
116,2,3,91.934,92.062,65,F4,1,1,0.75
116,2,3,91.931,92.105,60,C4,2,1,0.69
117,1,1,92.130,92.278,45,A2,5,0,0.70
117,1,3,92.309,92.461,50,D3,4,0,0.72
117,2,1,92.510,92.608,58,A#3,3,3,0.68
117,2,1,92.507,92.781,43,G2,6,3,0.42
117,2,4,92.785,92.879,62,D4,2,3,0.76
117,2,4,92.786,92.970,58,A#3,3,3,0.76
118,1,1,92.889,93.268,43,G2,6,3,0.52
118,1,3,93.086,93.278,62,D4,2,3,0.61
118,1,3,93.085,93.278,58,A#3,3,3,0.53
118,2,1,93.283,93.421,48,C3,5,3,0.70
118,2,3,93.463,93.651,62,D4,2,3,0.80
118,2,3,93.464,93.649,58,A#3,3,3,0.84
118,2,3,93.464,93.676,52,E3,4,2,0.54
119,1,1,93.657,94.015,43,G2,6,3,0.82
119,1,3,93.851,93.959,62,D4,2,3,0.79
119,1,3,93.852,93.959,58,A#3,3,3,0.77
119,2,3,94.253,94.562,53,F3,4,3,0.70
120,1,1,94.434,94.597,69,A4,1,5,0.82
120,1,1,94.432,94.621,63,D#4,2,4,0.85
120,1,1,94.433,94.590,60,C4,3,5,0.80
120,1,3,94.632,95.009,52,E3,4,2,0.76
120,2,1,94.811,95.029,68,G#4,1,4,0.83
120,2,1,94.813,95.019,62,D4,2,3,0.82
120,2,1,94.808,94.999,58,A#3,3,3,0.43
120,2,3,95.026,95.387,51,D#3,4,1,0.67
121,1,1,95.218,95.417,67,G4,1,3,0.85
121,1,1,95.218,95.373,61,C#4,2,2,0.84
121,1,3,95.401,95.576,55,G3,3,0,0.62
121,1,3,95.402,95.596,50,D3,4,0,0.41
121,2,1,95.602,96.054,66,F#4,1,2,0.85
121,2,1,95.602,95.855,60,C4,2,1,0.86
121,2,1,95.601,95.847,50,D3,4,0,0.82
121,2,4,95.869,96.103,60,C4,2,1,0.73
121,2,4,95.871,96.024,57,A3,3,2,0.59
121,2,4,95.865,95.980,50,D3,4,0,0.66
122,1,1,95.992,96.352,45,A2,5,0,0.74
122,1,3,96.188,96.346,60,C4,2,1,0.81
122,1,3,96.187,96.362,57,A3,3,2,0.76
122,1,3,96.184,96.412,50,D3,4,0,0.37
122,2,1,96.359,96.730,42,F#2,6,2,0.71
122,2,3,96.567,96.770,60,C4,2,1,0.78
122,2,3,96.568,96.760,57,A3,3,2,0.71
122,2,3,96.570,96.740,50,D3,4,0,0.40
123,1,1,96.755,97.128,45,A2,5,0,0.73
123,1,3,96.942,97.128,59,B3,2,0,0.73
123,1,3,96.944,97.138,55,G3,3,0,0.70
123,2,1,97.153,97.297,58,A#3,3,3,0.59
123,2,1,97.152,97.516,43,G2,6,3,0.75
123,2,2,97.295,97.407,53,F3,4,3,0.60
123,2,4,97.415,97.536,58,A#3,3,3,0.66
123,2,4,97.413,97.546,53,F3,4,3,0.49
124,1,1,97.534,97.685,59,B3,3,4,0.33
124,1,1,97.547,97.814,44,G#2,6,4,0.58
124,1,2,97.690,97.884,53,F3,4,3,0.74
124,1,4,97.789,97.904,59,B3,3,4,0.51
124,2,1,97.930,98.023,57,A3,3,2,0.35
124,2,1,97.929,98.332,45,A2,5,0,0.75
124,2,2,98.063,98.192,53,F3,4,3,0.67
124,2,4,98.178,98.299,60,C4,2,1,0.72
124,2,4,98.187,98.312,55,G3,3,0,0.36
125,1,1,98.337,98.580,45,A2,5,0,0.70
125,1,2,98.475,98.580,52,E3,4,2,0.45
125,1,4,98.584,98.710,59,B3,2,0,0.67
125,1,4,98.584,98.688,55,G3,3,0,0.68
125,2,1,98.716,99.038,46,A#2,5,1,0.65
125,2,2,98.853,99.038,53,F3,4,3,0.65
125,2,4,98.962,99.088,62,D4,2,3,0.65
126,1,1,99.092,99.277,47,B2,5,2,0.68
126,1,2,99.215,99.317,54,F#3,4,4,0.62
126,1,3,99.316,99.436,59,B3,2,0,0.45
126,1,3,99.319,99.439,55,G3,3,0,0.43
126,2,1,99.472,99.834,64,E4,1,0,0.69
126,2,1,99.472,99.834,58,A#3,3,3,0.82
126,2,1,99.471,99.844,48,C3,5,3,0.77
127,1,1,99.851,99.981,45,A2,5,0,0.52
127,1,3,100.037,100.272,67,G4,1,3,0.63
127,1,3,100.037,100.252,62,D4,2,3,0.64
127,1,3,100.035,100.232,57,A3,3,2,0.70
127,2,3,100.436,100.709,67,G4,1,3,0.81
127,2,3,100.437,100.575,62,D4,2,3,0.80
127,2,3,100.437,100.679,57,A3,3,2,0.79
128,1,3,100.833,101.057,67,G4,1,3,0.79
128,1,3,100.834,100.943,62,D4,2,3,0.79
128,1,3,100.831,100.988,57,A3,3,2,0.70
128,2,3,101.213,101.445,65,F4,1,1,0.63
128,2,3,101.218,101.465,60,C4,2,1,0.76
128,2,3,101.220,101.465,54,F#3,4,4,0.69
128,2,3,101.221,101.505,50,D3,5,5,0.78
129,1,3,101.571,101.754,62,D4,2,3,0.49
129,1,3,101.568,101.739,55,G3,3,0,0.74
129,1,3,101.567,101.741,50,D3,4,0,0.77
129,2,1,101.762,101.782,65,F4,1,1,0.33
129,2,1,101.760,101.895,62,D4,2,3,0.77
129,2,1,101.761,101.882,58,A#3,3,3,0.77
129,2,1,101.761,101.992,43,G2,6,3,0.72
129,2,4,102.055,102.160,62,D4,2,3,0.81
129,2,4,102.054,102.155,58,A#3,3,3,0.80
129,2,4,102.053,102.162,53,F3,4,3,0.73
130,1,1,102.163,102.326,43,G2,6,3,0.82
130,1,3,102.345,102.520,62,D4,2,3,0.80
130,1,3,102.346,102.437,58,A#3,3,3,0.77
130,2,1,102.553,102.729,62,D4,2,3,0.37
130,2,1,102.553,102.722,48,C3,5,3,0.74
130,2,3,102.743,102.929,62,D4,2,3,0.84
130,2,3,102.744,102.918,58,A#3,3,3,0.85
130,2,3,102.744,102.923,52,E3,4,2,0.75
131,1,1,102.924,103.097,58,A#3,3,3,0.30
131,1,1,102.934,103.105,43,G2,6,3,0.80
131,1,3,103.130,103.296,62,D4,2,3,0.51
131,1,3,103.133,103.278,59,B3,3,4,0.76
131,1,3,103.133,103.280,55,G3,4,5,0.72
131,2,1,103.321,103.429,65,F4,1,1,0.79
131,2,1,103.320,103.455,60,C4,2,1,0.74
131,2,1,103.313,103.333,57,A3,3,2,0.33
131,2,4,103.594,103.882,65,F4,1,1,0.85
131,2,4,103.595,103.922,60,C4,2,1,0.85
131,2,4,103.597,103.892,57,A3,3,2,0.83
132,1,1,103.710,104.042,41,F2,6,1,0.75
132,1,3,103.891,104.071,65,F4,1,1,0.56
132,1,3,103.898,104.042,59,B3,3,4,0.51
132,2,1,104.095,104.266,50,D3,4,0,0.76
132,2,3,104.276,104.658,60,C4,2,1,0.60
132,2,3,104.278,104.298,54,F#3,4,4,0.35
133,1,1,104.467,104.629,53,F3,4,3,0.31
133,1,1,104.466,104.633,45,A2,5,0,0.72
133,1,3,104.655,104.816,50,D3,4,0,0.73
133,2,1,104.835,104.977,62,D4,2,3,0.68
133,2,1,104.837,104.955,58,A#3,3,3,0.80
133,2,1,104.836,105.096,43,G2,6,3,0.80
133,2,4,105.113,105.211,62,D4,2,3,0.76
133,2,4,105.115,105.210,58,A#3,3,3,0.76
134,1,1,105.224,105.389,43,G2,6,3,0.79
134,1,3,105.416,105.603,62,D4,2,3,0.79
134,1,3,105.416,105.603,58,A#3,3,3,0.71
134,2,1,105.611,105.769,48,C3,5,3,0.83
134,2,3,105.793,106.071,62,D4,2,3,0.85
134,2,3,105.795,105.974,58,A#3,3,3,0.85
134,2,3,105.792,105.972,52,E3,4,2,0.48
135,1,1,105.979,106.359,48,C3,5,3,0.82
135,1,3,106.176,106.349,62,D4,2,3,0.82
135,1,3,106.178,106.293,58,A#3,3,3,0.84
135,2,3,106.589,106.755,69,A4,1,5,0.84
135,2,3,106.589,106.758,63,D#4,2,4,0.87
135,2,3,106.591,106.767,60,C4,3,5,0.77
135,2,3,106.587,106.760,53,F3,4,3,0.81
136,1,1,106.774,106.929,69,A4,1,5,0.84
136,1,1,106.773,106.931,63,D#4,2,4,0.85
136,1,1,106.773,106.946,60,C4,3,5,0.73
136,1,1,106.773,106.930,53,F3,4,3,0.80
136,1,3,106.967,107.134,68,G#4,1,4,0.82
136,1,3,106.967,107.133,62,D4,2,3,0.86
136,1,3,106.967,107.135,59,B3,3,4,0.72
136,1,3,106.968,107.131,52,E3,4,2,0.82
136,2,1,107.158,107.326,68,G#4,1,4,0.83
136,2,1,107.158,107.325,62,D4,2,3,0.87
136,2,1,107.158,107.334,59,B3,3,4,0.76
136,2,1,107.155,107.322,52,E3,4,2,0.84
136,2,3,107.354,107.510,67,G4,1,3,0.84
136,2,3,107.356,107.509,61,C#4,2,2,0.84
136,2,3,107.354,107.504,58,A#3,3,3,0.80
136,2,3,107.352,107.523,51,D#3,4,1,0.77
137,1,1,107.534,107.697,67,G4,1,3,0.80
137,1,1,107.538,107.702,61,C#4,2,2,0.77
137,1,1,107.537,107.696,58,A#3,3,3,0.78
137,1,1,107.534,107.697,51,D#3,4,1,0.81
137,1,3,107.728,107.902,64,E4,1,0,0.83
137,1,3,107.731,107.900,59,B3,2,0,0.83
137,1,3,107.729,107.901,55,G3,3,0,0.78
137,1,3,107.730,107.911,50,D3,4,0,0.75
137,2,1,107.926,108.319,66,F#4,1,2,0.80
137,2,1,107.927,108.200,60,C4,2,1,0.82
137,2,1,107.926,108.200,57,A3,3,2,0.78
137,2,1,107.925,108.200,50,D3,4,0,0.81
137,2,4,108.208,108.429,60,C4,2,1,0.68
137,2,4,108.207,108.438,57,A3,3,2,0.58
137,2,4,108.205,108.664,50,D3,4,0,0.58
138,1,1,108.323,108.647,45,A2,5,0,0.59
138,1,3,108.513,108.697,66,F#4,1,2,0.72
138,1,3,108.512,108.687,60,C4,2,1,0.73
138,2,1,108.690,109.025,42,F#2,6,2,0.64
138,2,3,108.882,109.085,60,C4,2,1,0.75
138,2,3,108.882,109.085,57,A3,3,2,0.76
139,1,1,109.072,109.433,45,A2,5,0,0.73
139,1,3,109.249,109.453,59,B3,2,0,0.73
139,1,3,109.250,109.453,55,G3,3,0,0.70
139,2,1,109.453,109.821,43,G2,6,3,0.73
139,2,4,109.718,109.951,62,D4,2,3,0.78
139,2,4,109.718,109.891,58,A#3,3,3,0.72
139,2,4,109.720,109.881,53,F3,4,3,0.56
140,1,1,109.857,110.090,44,G#2,6,4,0.67
140,1,2,109.997,110.239,53,F3,4,3,0.72
140,1,4,110.123,110.279,60,C4,2,1,0.68
140,2,1,110.264,110.488,45,A2,5,0,0.68
140,2,2,110.403,110.537,53,F3,4,3,0.53
141,1,1,110.652,110.905,45,A2,5,0,0.67
141,1,4,110.877,111.015,55,G3,3,0,0.58
141,2,1,111.031,111.363,46,A#2,5,1,0.67
141,2,3,111.239,111.373,62,D4,2,3,0.54
141,2,3,111.238,111.353,56,G#3,3,1,0.44
142,1,1,111.387,111.552,47,B2,5,2,0.59
142,1,2,111.509,111.612,54,F#3,4,4,0.39
142,1,3,111.629,111.761,59,B3,2,0,0.32
142,1,3,111.631,111.781,55,G3,3,0,0.42
142,2,1,111.793,112.010,67,G4,1,3,0.34
142,2,1,111.799,112.229,64,E4,2,5,0.78
142,2,1,111.802,112.044,58,A#3,3,3,0.75
142,2,1,111.804,112.238,48,C3,5,3,0.70
142,2,4,112.059,112.308,58,A#3,3,3,0.70
143,1,3,112.378,112.505,62,D4,2,3,0.73
143,1,3,112.381,112.507,57,A3,3,2,0.41
143,1,3,112.382,112.577,53,F3,4,3,0.46
143,2,3,112.781,113.004,61,C#4,2,2,0.61
143,2,3,112.784,112.962,59,B3,3,4,0.83
143,2,3,112.781,112.961,53,F3,4,3,0.76
143,2,3,112.780,112.963,49,C#3,5,4,0.74
144,1,3,113.192,113.382,61,C#4,2,2,0.56
144,1,3,113.188,113.357,59,B3,3,4,0.82
144,1,3,113.183,113.357,53,F3,4,3,0.79
144,1,3,113.181,113.422,49,C#3,5,4,0.77
144,2,3,113.566,113.760,61,C#4,2,2,0.65
144,2,3,113.565,113.726,59,B3,3,4,0.83
144,2,3,113.559,113.719,53,F3,4,3,0.81
144,2,3,113.558,113.725,49,C#3,5,4,0.78
145,1,3,113.927,113.999,61,C#4,2,2,0.31
145,1,3,113.928,114.089,59,B3,3,4,0.51
145,2,1,114.101,114.268,63,D#4,2,4,0.76
145,2,1,114.102,114.232,59,B3,3,4,0.74
145,2,1,114.101,114.258,54,F#3,4,4,0.77
145,2,4,114.394,114.805,63,D#4,2,4,0.77
145,2,4,114.396,114.755,59,B3,3,4,0.76
145,2,4,114.397,114.656,54,F#3,4,4,0.72
146,1,1,114.501,114.735,44,G#2,6,4,0.73
146,1,3,114.685,114.865,53,F3,4,3,0.33
146,2,1,114.878,115.064,61,C#4,2,2,0.51
146,2,1,114.873,115.074,53,F3,4,3,0.53
146,2,1,114.876,115.056,49,C#3,5,4,0.65
146,2,3,115.079,115.322,63,D#4,2,4,0.78
146,2,3,115.079,115.265,59,B3,3,4,0.80
146,2,3,115.079,115.262,53,F3,4,3,0.76
147,1,1,115.277,115.435,44,G#2,6,4,0.76
147,1,3,115.466,115.621,62,D4,2,3,0.60
147,1,3,115.464,115.631,59,B3,3,4,0.55
147,1,3,115.466,115.631,55,G3,4,5,0.63
147,2,1,115.651,115.760,61,C#4,2,2,0.50
147,2,1,115.652,115.790,58,A#3,3,3,0.54
147,2,1,115.653,115.849,42,F#2,6,2,0.50
147,2,4,115.911,116.247,61,C#4,2,2,0.74
147,2,4,115.910,116.367,58,A#3,3,3,0.76
147,2,4,115.910,116.317,54,F#3,4,4,0.67
148,1,1,116.013,116.377,42,F#2,6,2,0.69
148,2,1,116.409,116.571,51,D#3,4,1,0.73
148,2,3,116.588,116.758,66,F#4,1,2,0.84
148,2,3,116.591,116.756,61,C#4,2,2,0.79
148,2,3,116.590,116.765,55,G3,3,0,0.73
149,1,1,116.766,116.927,46,A#2,5,1,0.77
149,2,1,117.155,117.272,63,D#4,2,4,0.42
149,2,1,117.158,117.322,59,B3,3,4,0.65
149,2,1,117.159,117.292,54,F#3,4,4,0.55
149,2,1,117.156,117.352,44,G#2,6,4,0.61
149,2,4,117.431,117.710,63,D#4,2,4,0.79
149,2,4,117.434,117.710,59,B3,3,4,0.81
149,2,4,117.435,117.555,54,F#3,4,4,0.73
150,1,1,117.557,117.769,44,G#2,6,4,0.66
150,1,3,117.724,117.889,63,D#4,2,4,0.65
150,1,3,117.724,117.824,59,B3,3,4,0.59
150,2,1,117.914,118.093,49,C#3,5,4,0.77
150,2,3,118.101,118.267,63,D#4,2,4,0.71
150,2,3,118.102,118.257,59,B3,3,4,0.70
150,2,3,118.090,118.207,53,F3,4,3,0.30
151,1,1,118.283,118.426,45,A2,5,0,0.44
151,1,3,118.489,118.635,61,C#4,2,2,0.57
151,1,3,118.489,118.665,58,A#3,3,3,0.68
151,1,3,118.485,118.724,42,F#2,6,2,0.73
151,2,3,118.886,119.033,70,A#4,1,6,0.82
151,2,3,118.886,119.030,64,E4,2,5,0.81
151,2,3,118.886,119.053,61,C#4,3,6,0.82
151,2,3,118.881,119.029,54,F#3,4,4,0.79
152,1,1,119.058,119.225,70,A#4,1,6,0.81
152,1,1,119.058,119.219,64,E4,2,5,0.80
152,1,1,119.058,119.232,61,C#4,3,6,0.83
152,1,1,119.058,119.216,54,F#3,4,4,0.79
152,1,3,119.248,119.431,69,A4,1,5,0.82
152,1,3,119.248,119.406,63,D#4,2,4,0.83
152,1,3,119.253,119.431,60,C4,3,5,0.76
152,1,3,119.254,119.408,53,F3,4,3,0.73
152,2,1,119.436,119.610,69,A4,1,5,0.80
152,2,1,119.435,119.585,63,D#4,2,4,0.83
152,2,1,119.436,119.600,60,C4,3,5,0.78
152,2,1,119.436,119.585,53,F3,4,3,0.77
152,2,3,119.623,119.792,68,G#4,1,4,0.84
152,2,3,119.625,119.794,62,D4,2,3,0.83
152,2,3,119.623,119.819,59,B3,3,4,0.45
152,2,3,119.627,119.828,52,E3,4,2,0.70
153,1,1,119.833,120.004,68,G#4,1,4,0.82
153,1,1,119.834,120.004,62,D4,2,3,0.85
153,1,1,119.830,120.027,59,B3,3,4,0.39
153,1,1,119.833,120.001,52,E3,4,2,0.79
153,1,3,120.033,120.206,64,E4,1,0,0.79
153,1,3,120.034,120.201,59,B3,2,0,0.83
153,1,3,120.032,120.206,55,G3,3,0,0.76
153,1,3,120.032,120.216,50,D3,4,0,0.78
153,2,1,120.212,120.476,67,G4,1,3,0.85
153,2,1,120.213,120.485,61,C#4,2,2,0.85
153,2,1,120.213,120.485,58,A#3,3,3,0.51
153,2,1,120.211,120.594,51,D#3,4,1,0.81
153,2,4,120.492,120.754,61,C#4,2,2,0.79
153,2,4,120.492,120.863,58,A#3,3,3,0.80
154,1,1,120.605,120.962,46,A#2,5,1,0.80
154,1,3,120.803,120.949,56,G#3,3,1,0.67
154,2,1,120.981,121.360,43,G2,6,3,0.83
154,2,3,121.168,121.349,61,C#4,2,2,0.84
154,2,3,121.167,121.350,58,A#3,3,3,0.82
155,1,1,121.364,121.384,63,D#4,2,4,0.35
155,1,1,121.364,121.546,51,D#3,4,1,0.73
155,1,3,121.543,121.669,43,G2,6,3,0.30
155,2,1,121.760,122.077,44,G#2,6,4,0.84
155,2,2,121.918,122.116,54,F#3,4,4,0.63
155,2,4,122.031,122.136,59,B3,3,4,0.47
156,1,1,122.142,122.275,45,A2,5,0,0.77
156,1,2,122.282,122.385,54,F#3,4,4,0.81
156,1,4,122.403,122.523,61,C#4,2,2,0.80
156,1,4,122.394,122.514,54,F#3,4,4,0.32
156,2,1,122.525,122.656,46,A#2,5,1,0.82
156,2,2,122.654,122.745,54,F#3,4,4,0.77
156,2,4,122.767,122.892,50,D3,4,0,0.60
157,1,1,122.918,123.032,58,A#3,3,3,0.53
157,1,1,122.909,123.042,53,F3,4,3,0.37
157,1,1,122.914,123.290,46,A#2,5,1,0.75
157,1,2,123.037,123.171,58,A#3,3,3,0.33
157,1,2,123.047,123.211,53,F3,4,3,0.34
157,1,4,123.165,123.310,62,D4,2,3,0.71
157,1,4,123.167,123.310,56,G#3,3,1,0.62
157,2,1,123.327,123.698,47,B2,5,2,0.66
157,2,2,123.454,123.569,59,B3,3,4,0.41
157,2,2,123.454,123.589,54,F#3,4,4,0.71
157,2,4,123.568,123.718,63,D#4,2,4,0.74
157,2,4,123.572,123.708,57,A3,3,2,0.72
158,1,1,123.714,123.822,48,C3,5,3,0.62
158,1,2,123.825,123.923,55,G3,3,0,0.75
158,1,4,123.935,124.062,59,B3,3,4,0.65
158,2,1,124.081,124.305,64,E4,1,0,0.66
158,2,1,124.080,124.289,59,B3,3,4,0.75
158,2,1,124.079,124.099,49,C#3,5,4,0.34
159,1,1,124.449,124.603,55,G3,3,0,0.33
159,1,1,124.449,124.623,45,A2,5,0,0.70
159,1,3,124.629,124.852,42,F#2,6,2,0.35
160,1,1,125.198,125.300,63,D#4,2,4,0.82
160,1,1,125.198,125.300,58,A#3,3,3,0.82
160,1,1,125.199,125.489,54,F#3,4,4,0.37
160,1,1,125.196,125.369,49,C#3,5,4,0.80
160,1,1,125.193,126.493,42,F#2,6,2,0.71
160,1,2,125.305,125.369,63,D#4,2,4,0.35
160,1,2,125.380,125.443,58,A#3,3,3,0.42
160,1,2,125.377,125.618,49,C#3,5,4,0.36
160,1,4,125.541,125.608,68,G#4,1,4,0.34
160,1,4,125.457,125.528,63,D#4,2,4,0.63
160,1,4,125.456,125.528,58,A#3,3,3,0.63
160,2,1,125.620,125.707,68,G#4,1,4,0.42
160,2,1,125.625,125.707,63,D#4,2,4,0.72
160,2,1,125.626,125.707,58,A#3,3,3,0.74
160,2,1,125.628,125.807,49,C#3,5,4,0.34
160,2,2,125.716,125.797,68,G#4,1,4,0.36
160,2,2,125.719,125.797,63,D#4,2,4,0.33
160,2,2,125.718,125.790,58,A#3,3,3,0.38
160,2,3,125.804,125.896,68,G#4,1,4,0.38
160,2,3,125.811,125.896,63,D#4,2,4,0.75
160,2,3,125.811,125.896,58,A#3,3,3,0.76
160,2,3,125.814,125.834,54,F#3,4,4,0.37
160,2,3,125.814,125.896,49,C#3,5,4,0.34
160,2,4,125.904,125.976,68,G#4,1,4,0.36
160,2,4,125.905,125.976,63,D#4,2,4,0.48
160,2,4,125.904,125.986,58,A#3,3,3,0.56
160,2,4,125.904,125.986,49,C#3,5,4,0.34
161,1,1,125.983,126.085,68,G#4,1,4,0.39
161,1,1,125.991,126.085,63,D#4,2,4,0.59
161,1,1,125.992,126.085,58,A#3,3,3,0.69
161,1,1,125.998,126.066,54,F#3,4,4,0.33
161,1,1,126.000,126.165,49,C#3,5,4,0.31
161,1,2,126.096,126.155,68,G#4,1,4,0.37
161,1,2,126.093,126.155,63,D#4,2,4,0.43
161,1,2,126.093,126.150,58,A#3,3,3,0.55
161,1,3,126.169,126.265,68,G#4,1,4,0.67
161,1,3,126.168,126.265,63,D#4,2,4,0.47
161,1,3,126.172,126.265,58,A#3,3,3,0.71
161,1,3,126.179,126.901,49,C#3,5,4,0.42
161,1,4,126.279,126.342,68,G#4,1,4,0.49
161,1,4,126.279,126.354,63,D#4,2,4,0.45
161,1,4,126.278,126.354,58,A#3,3,3,0.39
161,2,1,126.359,126.454,68,G#4,1,4,0.45
161,2,1,126.365,126.454,63,D#4,2,4,0.59
161,2,1,126.367,126.454,58,A#3,3,3,0.75
161,2,2,126.460,126.523,68,G#4,1,4,0.39
161,2,2,126.466,126.523,61,C#4,2,2,0.37
161,2,2,126.462,126.533,58,A#3,3,3,0.58
161,2,3,126.536,126.702,68,G#4,1,4,0.45
161,2,3,126.539,126.702,63,D#4,2,4,0.33
161,2,3,126.548,126.623,58,A#3,3,3,0.46
161,2,4,126.637,126.702,58,A#3,3,3,0.35
162,1,1,126.710,126.891,68,G#4,1,4,0.71
162,1,1,126.710,126.812,63,D#4,2,4,0.64
162,1,1,126.710,126.812,58,A#3,3,3,0.68
162,1,2,126.825,126.873,63,D#4,2,4,0.46
162,1,2,126.824,126.901,58,A#3,3,3,0.55
162,1,3,126.904,127.607,68,G#4,1,4,0.85
162,1,3,126.905,127.508,63,D#4,2,4,0.75
162,1,3,126.907,127.528,58,A#3,3,3,0.74
162,1,3,126.915,127.001,49,C#3,5,4,0.48
162,1,4,127.009,127.458,49,C#3,5,4,0.32
163,1,1,127.473,127.886,49,C#3,5,4,0.51
163,1,1,127.443,128.005,42,F#2,6,2,0.55
163,1,2,127.606,127.916,58,A#3,3,3,0.67
163,1,3,127.677,128.135,68,G#4,1,4,0.76
163,1,3,127.675,127.926,63,D#4,2,4,0.70
