bar,t0,t1,n_tab,reproduction_f1_tab_vs_rendering,transcription_f1_stem_vs_rendering,chroma_median,chroma_min,lag_ms
1,3.278,4.022,9,0.889,0.889,0.839,0.793,5.8
2,4.022,4.771,9,0.947,0.947,0.9,0.882,-5.8
3,4.771,5.524,6,0.909,0.909,0.836,0.817,0.0
4,5.524,6.283,9,0.947,0.947,0.9,0.775,-5.8
5,6.283,7.048,6,1.0,1.0,0.837,0.802,0.0
6,7.048,7.814,8,0.941,0.941,0.897,0.855,-5.8
7,7.814,8.582,8,1.0,1.0,0.897,0.827,-5.8
8,8.582,9.352,9,1.0,1.0,0.909,0.872,0.0
9,9.352,10.118,8,0.933,0.933,0.937,0.863,0.0
10,10.118,10.88,6,0.923,0.923,0.951,0.917,0.0
11,10.88,11.65,7,1.0,0.933,0.915,0.896,0.0
12,11.65,12.421,6,1.0,1.0,0.886,0.834,11.6
13,12.421,13.191,9,0.8,0.8,0.934,0.918,0.0
14,13.191,13.963,4,0.6,0.6,0.93,0.744,0.0
15,13.963,14.732,6,1.0,1.0,0.672,0.589,0.0
16,14.732,15.496,9,1.0,1.0,0.9,0.625,0.0
17,15.496,16.26,7,0.923,0.923,0.823,0.784,0.0
18,16.26,17.02,9,0.947,0.947,0.897,0.863,-5.8
19,17.02,17.775,8,0.875,0.824,0.806,0.706,0.0
20,17.775,18.524,9,0.947,0.947,0.925,0.77,0.0
21,18.524,19.276,6,0.909,0.833,0.783,0.772,-5.8
22,19.276,20.034,8,0.875,0.875,0.81,0.782,-5.8
23,20.034,20.798,15,0.929,0.867,0.912,0.662,-5.8
24,20.798,21.561,13,0.889,0.846,0.91,0.895,-5.8
25,21.561,22.319,11,0.917,0.917,0.929,0.919,-5.8
26,22.319,23.084,7,1.0,1.0,0.925,0.861,-5.8
27,23.084,23.863,6,1.0,1.0,0.897,0.867,-5.8
28,23.863,24.642,7,1.0,1.0,0.889,0.81,0.0
29,24.642,25.417,11,0.778,0.778,0.932,0.824,-5.8
30,25.417,26.193,5,0.833,0.769,0.848,0.73,5.8
31,26.193,26.965,5,1.0,1.0,0.89,0.746,0.0
32,26.965,27.735,5,1.0,1.0,0.799,0.638,5.8
33,27.735,28.505,7,0.923,0.923,0.803,0.744,-5.8
34,28.505,29.275,8,0.941,0.941,0.866,0.723,5.8
35,29.275,30.043,7,1.0,1.0,0.848,0.818,-5.8
36,30.043,30.809,8,1.0,1.0,0.809,0.779,5.8
37,30.809,31.577,8,0.933,0.933,0.812,0.605,0.0
38,31.577,32.351,7,0.923,0.923,0.825,0.758,0.0
39,32.351,33.129,4,0.857,0.857,0.852,0.732,5.8
40,33.129,33.907,5,1.0,1.0,0.899,0.767,0.0
41,33.907,34.687,7,1.0,1.0,0.89,0.855,-5.8
42,34.687,35.467,4,0.857,0.857,0.848,0.575,0.0
43,35.467,36.247,5,0.909,0.909,0.963,0.797,0.0
44,36.247,37.02,6,1.0,1.0,0.961,0.921,0.0
45,37.02,37.784,10,1.0,1.0,0.956,0.828,0.0
46,37.784,38.544,8,1.0,1.0,0.937,0.911,0.0
47,38.544,39.313,4,1.0,1.0,0.878,0.877,0.0
48,39.313,40.087,8,0.875,0.875,0.867,0.791,5.8
49,40.087,40.855,6,0.833,0.833,0.807,0.763,-5.8
50,40.855,41.613,8,1.0,0.889,0.846,0.788,0.0
51,41.613,42.373,7,0.923,0.923,0.86,0.744,0.0
52,42.373,43.139,9,1.0,1.0,0.855,0.832,0.0
53,43.139,43.906,7,1.0,1.0,0.893,0.823,0.0
54,43.906,44.668,9,1.0,1.0,0.883,0.821,5.8
55,44.668,45.427,4,1.0,1.0,0.902,0.864,0.0
56,45.427,46.185,8,0.941,0.941,0.88,0.785,0.0
57,46.185,46.946,2,1.0,1.0,0.858,0.649,0.0
58,46.946,47.71,9,1.0,1.0,0.88,0.659,0.0
59,47.71,48.484,10,0.947,0.9,0.823,0.718,5.8
60,48.484,49.267,6,0.909,0.909,0.917,0.646,-5.8
61,49.267,50.048,9,1.0,1.0,0.92,0.854,0.0
62,50.048,50.823,8,1.0,1.0,0.918,0.902,0.0
63,50.823,51.596,4,1.0,1.0,0.877,0.643,5.8
64,51.596,52.378,1,1.0,1.0,0.909,0.829,11.6
65,52.378,53.161,12,0.957,0.957,0.852,0.796,0.0
66,53.161,53.941,9,1.0,1.0,0.825,0.682,0.0
67,53.941,54.712,8,1.0,1.0,0.721,0.688,5.8
68,54.712,55.479,8,1.0,1.0,0.834,0.716,0.0
69,55.479,56.245,7,0.923,0.923,0.834,0.767,0.0
70,56.245,57.013,7,0.875,0.875,0.89,0.705,0.0
71,57.013,57.781,14,0.923,0.96,0.908,0.815,0.0
72,57.781,58.549,17,0.944,0.973,0.924,0.887,-5.8
73,58.549,59.317,8,0.889,0.889,0.915,0.877,-5.8
74,59.317,60.085,7,0.923,0.857,0.947,0.889,-5.8
75,60.085,60.856,7,0.933,0.933,0.902,0.882,-5.8
76,60.856,61.624,6,1.0,1.0,0.896,0.874,-5.8
77,61.624,62.38,6,1.0,1.0,0.908,0.763,-5.8
78,62.38,63.121,6,1.0,1.0,0.752,0.627,5.8
79,63.121,63.848,11,1.0,1.0,0.764,0.431,11.6
80,63.848,64.573,8,0.842,0.842,0.824,0.408,-11.6
81,64.573,65.312,5,0.889,0.889,0.909,0.833,5.8
82,65.312,66.073,5,0.8,0.8,0.864,0.752,-5.8
83,66.073,66.855,7,0.833,0.833,0.888,0.844,-11.6
84,66.855,67.645,4,0.667,0.667,0.882,0.792,-5.8
85,67.645,68.431,3,0.857,0.857,0.91,0.855,0.0
86,68.431,69.203,6,0.909,0.909,0.89,0.86,0.0
87,69.203,69.958,3,0.857,0.857,0.922,0.902,5.8
88,69.958,70.694,5,1.0,1.0,0.941,0.919,-5.8
89,70.694,71.419,4,1.0,1.0,0.856,0.717,-11.6
90,71.419,72.153,4,1.0,1.0,0.905,0.836,-11.6
91,72.153,72.911,4,1.0,1.0,0.953,0.936,0.0
92,72.911,73.686,4,0.857,0.857,0.92,0.878,-5.8
93,73.686,74.468,4,0.889,0.889,0.929,0.9,-5.8
94,74.468,75.251,3,1.0,1.0,0.899,0.863,-5.8
95,75.251,76.036,6,1.0,1.0,0.882,0.857,-5.8
96,76.036,76.821,2,1.0,1.0,0.931,0.887,-5.8
97,76.821,77.595,11,0.952,0.952,0.93,0.811,-11.6
98,77.595,78.353,8,1.0,0.941,0.941,0.842,0.0
99,78.353,79.101,8,0.933,0.933,0.835,0.728,5.8
100,79.101,79.854,6,0.909,0.909,0.849,0.774,0.0
101,79.854,80.615,11,0.957,0.957,0.92,0.876,5.8
102,80.615,81.378,9,0.947,0.947,0.89,0.829,0.0
103,81.378,82.145,10,0.947,0.947,0.901,0.886,0.0
104,82.145,82.91,7,0.875,0.875,0.905,0.794,0.0
105,82.91,83.669,11,0.952,0.952,0.869,0.813,0.0
106,83.669,84.429,7,0.933,0.933,0.898,0.813,0.0
107,84.429,85.198,11,1.0,1.0,0.884,0.839,0.0
108,85.198,85.971,8,1.0,1.0,0.878,0.863,5.8
109,85.971,86.744,9,1.0,1.0,0.854,0.836,5.8
110,86.744,87.514,9,0.947,0.947,0.877,0.856,5.8
111,87.514,88.284,10,1.0,1.0,0.884,0.837,0.0
112,88.284,89.058,4,1.0,1.0,0.808,0.685,0.0
113,89.058,89.829,11,1.0,1.0,0.857,0.776,0.0
114,89.829,90.599,7,0.923,0.923,0.798,0.722,0.0
115,90.599,91.367,6,0.923,0.923,0.806,0.669,0.0
116,91.367,92.13,6,0.909,1.0,0.811,0.787,0.0
117,92.13,92.895,6,0.857,0.933,0.767,0.729,0.0
118,92.895,93.664,7,1.0,1.0,0.817,0.775,0.0
119,93.664,94.438,6,0.8,0.8,0.906,0.854,0.0
120,94.438,95.212,5,0.833,0.833,0.897,0.842,0.0
121,95.212,95.985,10,1.0,1.0,0.942,0.899,5.8
122,95.985,96.76,9,0.941,0.889,0.92,0.911,0.0
123,96.76,97.54,8,0.824,0.824,0.925,0.915,-5.8
124,97.54,98.32,8,0.941,0.941,0.898,0.854,0.0
125,98.32,99.093,8,0.933,0.933,0.902,0.869,0.0
126,99.093,99.86,7,0.857,0.857,0.917,0.792,5.8
127,99.86,100.626,6,0.923,0.923,0.672,0.569,0.0
128,100.626,101.392,7,1.0,1.0,0.769,0.542,5.8
129,101.392,102.162,10,1.0,1.0,0.89,0.868,0.0
130,102.162,102.934,9,0.889,0.889,0.832,0.693,0.0
131,102.934,103.704,10,0.947,0.947,0.801,0.76,0.0
132,103.704,104.466,7,0.923,0.923,0.893,0.794,0.0
133,104.466,105.228,8,0.875,0.875,0.808,0.789,-5.8
134,105.228,105.994,7,0.933,0.933,0.858,0.678,-5.8
135,105.994,106.767,6,0.923,0.923,0.885,0.818,0.0
136,106.767,107.541,20,1.0,0.976,0.938,0.909,-5.8
137,107.541,108.312,11,0.957,0.917,0.924,0.857,0.0
138,108.312,109.081,7,0.857,0.857,0.92,0.892,-5.8
139,109.081,109.858,7,0.857,0.857,0.914,0.887,0.0
140,109.858,110.637,4,0.889,0.889,0.889,0.785,5.8
141,110.637,111.411,6,1.0,1.0,0.899,0.873,-5.8
142,111.411,112.191,8,0.933,0.933,0.912,0.856,0.0
143,112.191,112.972,7,1.0,1.0,0.775,0.587,5.8
144,112.972,113.743,8,1.0,1.0,0.894,0.827,17.4
145,113.743,114.506,9,0.941,0.941,0.883,0.828,5.8
146,114.506,115.267,7,0.933,0.933,0.926,0.818,0.0
147,115.267,116.025,11,0.957,0.957,0.899,0.874,-5.8
148,116.025,116.781,5,1.0,1.0,0.909,0.848,0.0
149,116.781,117.538,7,1.0,1.0,0.847,0.77,0.0
150,117.538,118.297,8,1.0,1.0,0.881,0.746,0.0
151,118.297,119.061,11,0.8,0.8,0.883,0.729,5.8
152,119.061,119.83,13,0.857,0.857,0.92,0.906,0.0
153,119.83,120.6,13,0.963,0.963,0.923,0.788,0.0
154,120.6,121.371,7,0.923,0.923,0.913,0.893,0.0
155,121.371,122.146,5,0.889,0.889,0.916,0.827,0.0
156,122.146,122.923,9,0.947,0.947,0.947,0.931,-5.8
157,122.923,123.695,9,0.9,0.9,0.941,0.902,0.0
158,123.695,124.459,8,1.0,1.0,0.904,0.832,-5.8
159,124.459,125.225,6,1.0,1.0,0.867,0.827,0.0
160,125.225,125.985,23,0.791,0.723,0.949,0.922,0.0
161,125.985,126.729,27,0.794,0.8,0.903,0.805,0.0
162,126.729,127.468,8,0.941,0.941,0.842,0.8,0.0
163,127.468,128.206,4,1.0,1.0,0.846,0.778,5.8
