bar,onset_s,pitch,sources,n_models,bp,post_ens,post_max,flux_s,flux_r,lvl_s,resid,harmonic,cq_peak,octave,same_pc,same_pitch_tab_ms,p_real
1,3.826,53,ens_low+fl,1,0,0.293,0.574,16.865,13.057,-7.861,-5.277,0,0,0,0,-547.7,0.427
3,5.507,65,ens_low+fl,1,0,0.171,0.342,4.811,0.807,-19.874,-7.505,0,0,0,0,196.8,0.169
4,6.06,64,ens_low+fl,1,0,0.176,0.351,4.812,3.764,-9.277,-23.305,1,0,0,0,7130.2,0.176
4,6.073,60,ens_low+fl,1,0,0.159,0.31,-1.729,-1.798,-2.652,-28.607,0,0,0,0,-367.7,0.151
8,8.778,61,ens_low+fl,1,0,0.275,0.55,-3.517,-0.817,-19.381,-1.542,0,0,0,0,180.5,0.382
11,11.12,62,ens_low+fl,1,0,0.247,0.436,5.155,-10.361,-22.083,-12.681,1,0,0,0,406.0,0.313
19,17.571,60,ens_low+fl+gaps,2,0,0.309,0.853,2.548,3.867,-2.624,-19.268,1,0,0,0,-286.5,0.469
19,17.578,55,ens_low+fl,1,0,0.189,0.336,10.501,8.061,-5.321,-7.025,0,0,0,0,-750.0,0.198
20,18.328,62,bp+ens_low+fl,1,1,0.232,0.411,8.388,8.409,-14.766,-14.796,1,0,1,1,186.8,0.281
20,18.508,55,ens_low+fl,1,0,0.209,0.374,25.087,24.17,-4.102,-14.642,1,0,1,1,-1680.1,0.234
21,18.913,55,ens_low+fl,1,0,0.313,0.366,17.655,1.072,-7.182,-15.057,1,1,1,1,-2085.3,0.481
22,19.835,53,ens_low+fl,1,0,0.255,0.508,0.481,8.714,-15.428,-1.484,1,0,1,1,393.1,0.332
23,20.606,40,ens_low+fl,1,0,0.261,0.334,2.231,8.116,-5.138,10.043,0,0,1,1,-965.0,0.346
24,20.998,64,ens_low+fl,1,0,0.167,0.335,0.662,-0.954,-16.001,0.642,0,0,0,0,364.9,0.163
24,21.364,43,ens_low+fl,1,0,0.239,0.445,3.742,26.32,-4.86,1.149,0,0,1,1,1698.2,0.296
24,21.56,62,ens_low+fl,1,0,0.185,0.364,4.15,19.539,-8.805,-5.092,1,0,1,1,-761.9,0.19
25,22.133,50,ens_low+fl,1,0,0.193,0.351,-0.256,2.733,-9.747,2.231,0,0,0,0,-292.0,0.204
25,22.142,64,ens_low+fl,1,0,0.206,0.411,3.63,6.669,-25.38,6.98,1,0,0,0,-779.3,0.228
27,23.721,62,ens_low+fl,1,0,0.229,0.337,10.483,4.678,-24.739,2.833,0,0,0,0,1154.5,0.273
27,23.723,55,ens_low+fl,1,0,0.187,0.362,0.875,-2.403,-13.068,-11.542,0,0,0,0,-377.9,0.194
28,24.109,59,ens_low+fl,1,0,0.254,0.479,7.901,1.038,-13.548,-18.152,0,0,0,0,-383.7,0.331
28,24.507,62,ens_low+fl,1,0,0.174,0.314,14.49,13.861,-21.686,-5.365,0,0,0,0,369.4,0.174
30,25.684,59,bp+ens_low+fl,1,1,0.288,0.496,1.085,-0.277,-7.426,-12.547,0,0,0,0,-1175.5,0.414
30,25.974,59,ens_low+fl,1,0,0.301,0.573,6.88,2.241,-13.097,0.667,1,0,0,0,-1465.8,0.449
31,26.502,63,ens_low+fl+gaps,2,0,0.281,0.751,29.994,31.125,-16.223,-1.451,1,0,1,1,-6094.3,0.396
33,28.312,53,ens_low+fl,1,0,0.255,0.421,4.802,8.923,-20.809,-3.406,0,0,0,0,-295.8,0.333
34,29.258,55,ens_low+fl+gaps,2,0,0.29,0.725,14.799,18.42,-0.962,-7.539,0,0,0,0,302.9,0.42
36,30.411,46,ens_low+fl,1,0,0.207,0.405,13.897,6.54,-14.027,0.861,0,0,0,0,-5757.0,0.229
36,30.605,59,ens_low+fl,1,0,0.271,0.359,20.525,0.312,-0.629,-33.283,0,1,0,0,-387.8,0.372
38,31.759,55,ens_low+fl,1,0,0.191,0.378,20.658,7.019,-6.14,-4.12,0,1,0,0,-2198.0,0.202
39,32.948,48,bp+ens_low+fl,1,1,0.295,0.476,11.562,10.244,-12.953,7.736,0,0,0,0,-410.7,0.432
39,33.071,41,bp+ens_low+fl+gaps,2,1,0.292,0.617,-1.596,4.959,0.0,-21.248,0,0,0,0,-120.8,0.424
41,34.481,40,ens_low+fl,1,0,0.212,0.322,3.367,11.288,-14.445,11.828,0,0,0,0,202.2,0.239
41,34.682,64,ens_low+fl,1,0,0.22,0.35,8.474,20.31,-20.297,-6.158,1,0,0,1,180.9,0.254
42,35.278,44,ens_low+fl,1,0,0.244,0.387,19.311,-4.286,-2.853,-20.107,0,1,0,0,-982.6,0.306
43,35.716,59,ens_low+fl,1,0,0.157,0.307,10.979,-0.878,-13.261,-13.912,0,0,0,0,777.2,0.149
43,36.106,59,ens_low+fl+gaps,2,0,0.253,0.59,-0.744,-1.449,-5.526,-10.0,1,0,0,0,387.4,0.329
46,38.521,65,ens_low+fl,1,0,0.269,0.538,15.83,19.355,-15.131,-3.577,1,0,1,1,587.5,0.366
47,39.11,43,ens_low+fl,1,0,0.215,0.317,2.253,4.192,0.0,-18.02,0,0,0,0,-200.0,0.244
50,41.416,62,ens_low+fl,1,0,0.192,0.356,16.209,1.575,-12.063,-27.202,0,1,0,0,-378.1,0.203
50,41.418,58,ens_low+fl,1,0,0.414,0.608,-2.01,9.082,-16.972,-14.094,0,0,0,0,-1902.8,0.731
51,42.174,55,ens_low+fl,1,0,0.208,0.385,10.162,4.297,-7.264,-18.117,0,0,0,0,-287.8,0.232
51,42.176,60,ens_low+fl,1,0,0.16,0.315,11.779,9.854,-5.123,-20.186,0,0,0,0,380.3,0.153
51,42.369,54,bp+ens_low+fl,1,1,0.168,0.331,8.185,25.939,-6.946,-24.331,0,0,0,0,189.4,0.164
51,42.371,60,ens_low+fl,1,0,0.213,0.418,7.136,-6.932,-13.064,-15.979,0,0,0,0,184.8,0.242
54,44.651,52,ens_low+fl+gaps,2,0,0.26,0.684,8.711,4.034,-7.982,-4.263,0,0,0,0,297.0,0.345
57,46.433,57,ens_low+fl+gaps,2,0,0.252,0.476,22.135,-15.129,0.0,-17.339,0,1,0,0,-259.7,0.325
57,46.439,58,ens_low+fl,1,0,0.231,0.348,22.967,-16.049,-2.579,-13.813,0,1,0,0,-820.4,0.278
57,46.76,55,ens_low+fl,1,0,0.215,0.331,13.566,4.955,-7.433,-5.646,0,1,0,0,749.3,0.245
59,48.074,55,bp+ens_low+fl+gaps,2,1,0.387,0.849,17.396,13.844,0.0,-15.507,0,0,0,0,227.1,0.672
59,48.301,64,ens_low+fl,1,0,0.251,0.491,11.548,3.889,-22.246,0.35,1,0,0,0,379.2,0.323
60,48.531,45,ens_low+fl+gaps,2,0,0.249,0.857,2.227,-2.648,0.0,-15.444,0,0,0,0,-228.8,0.319
60,48.677,45,bp+ens_low+fl,1,1,0.243,0.429,-0.256,-5.93,0.0,-7.475,0,0,0,0,313.2,0.305
60,48.678,61,bp+ens_low+fl,1,1,0.274,0.475,-0.649,-5.856,-3.998,-10.69,0,0,0,0,-376.3,0.379
66,53.534,58,ens_low+fl,1,0,0.232,0.463,-5.61,0.132,-12.707,-17.094,0,0,0,0,-171.9,0.281
69,56.046,53,ens_low+fl,1,0,0.2,0.385,15.187,-4.521,-9.249,-7.801,0,1,0,0,-284.7,0.217
69,56.234,52,ens_low+fl,1,0,0.272,0.54,3.771,-2.182,-18.239,-1.012,0,0,0,0,205.0,0.373
70,56.614,52,ens_low+fl,1,0,0.278,0.496,2.755,0.975,-4.29,-0.04,0,0,0,0,-174.8,0.388
70,56.809,53,ens_low+fl+gaps,2,0,0.242,0.88,3.417,2.331,-13.741,0.076,0,0,0,0,404.0,0.303
71,57.595,65,ens_low+fl,1,0,0.232,0.461,6.552,-5.922,-8.939,-2.259,0,0,0,0,-2691.9,0.28
72,58.345,62,ens_low+fl,1,0,0.274,0.539,-2.19,-11.992,-9.971,-6.306,0,0,0,0,-564.2,0.379
72,58.54,62,ens_low+fl,1,0,0.223,0.44,6.927,21.172,-4.405,-14.889,1,0,1,1,-759.0,0.261
73,58.821,50,ens_low+fl,1,0,0.28,0.391,1.545,3.424,-8.663,-11.558,0,0,0,0,-282.5,0.393
74,59.5,54,ens_low+fl,1,0,0.334,0.667,0.674,2.053,-6.456,-9.19,1,0,0,0,2633.9,0.537
74,59.503,64,ens_low+fl,1,0,0.292,0.578,8.379,16.567,-21.026,-0.529,0,0,0,0,-1162.7,0.426
76,61.373,52,ens_low+fl+gaps,2,0,0.277,0.872,9.545,-7.071,-4.778,-11.627,0,0,0,0,3324.2,0.387
76,61.477,69,ens_low+fl,1,0,0.162,0.323,19.698,9.061,-19.625,17.139,1,1,0,0,3835.7,0.155
77,62.378,67,bp+ens_low+fl,1,1,0.284,0.567,21.113,10.284,-16.306,-1.288,1,1,0,0,1135.3,0.406
78,62.932,67,ens_low+fl,1,0,0.24,0.473,24.873,18.191,-8.021,-9.301,0,0,0,0,581.4,0.298
80,63.947,57,fl,1,0,0.429,0.464,15.674,4.768,0.0,-22.728,0,1,0,0,61.0,0.761
81,64.904,45,bp+ens_low+fl,1,1,0.288,0.574,-6.286,-2.561,-8.243,-38.02,0,0,0,0,-206.2,0.415
81,65.302,55,bp+ens_low+fl,1,1,0.206,0.379,-8.516,0.25,-1.487,1.279,0,0,0,0,-194.9,0.228
82,66.067,45,ens_low+fl,1,0,0.176,0.347,11.166,19.895,-24.849,-25.164,0,0,0,0,-1369.3,0.176
84,67.638,59,ens_low+fl,1,0,0.171,0.342,5.682,27.667,-10.472,-19.14,1,0,0,0,-784.0,0.169
85,67.849,48,bp+ens_low+fl,1,1,0.282,0.547,21.098,20.023,-15.428,-18.693,0,0,0,0,187.9,0.399
86,69.007,57,ens_low+fl,1,0,0.171,0.341,4.865,5.498,-18.722,-4.62,0,0,0,0,-573.4,0.169
87,69.783,52,ens_low+fl,1,0,0.183,0.364,0.189,1.514,-4.646,-20.687,1,0,0,0,-4104.0,0.188
98,77.783,60,ens_low+fl,1,0,0.303,0.533,14.094,9.282,-13.436,2.39,0,0,0,0,364.6,0.453
99,78.72,65,ens_low+fl,1,0,0.151,0.301,11.19,18.825,-26.109,-8.902,1,0,1,1,4559.5,0.141
100,79.84,65,ens_low+fl,1,0,0.205,0.401,8.085,-0.75,-22.092,1.957,1,0,0,0,3438.7,0.225
103,81.747,60,ens_low+fl,1,0,0.227,0.434,21.371,34.472,-8.227,-9.218,1,0,1,1,-2104.2,0.269
103,82.023,48,ens_low+fl+gaps,2,0,0.262,0.512,14.197,-0.833,-16.789,-10.437,0,1,0,0,-273.0,0.349
104,82.527,55,bp+ens_low+fl,1,1,0.193,0.385,0.75,1.012,-6.933,-4.546,0,0,0,0,-185.5,0.205
105,83.285,56,ens_low+fl,1,0,0.205,0.4,-5.285,-6.723,-6.055,-3.63,0,0,0,0,951.8,0.225
105,83.555,56,ens_low+fl+gaps,2,0,0.29,0.872,6.232,14.939,-1.771,-14.033,0,0,0,0,682.1,0.419
105,83.667,58,ens_low+fl,1,0,0.211,0.405,6.861,-3.197,-18.066,4.127,0,0,0,0,-927.6,0.238
106,83.855,68,ens_low+fl,1,0,0.223,0.445,0.6,1.443,-23.861,-8.727,0,0,0,0,-10169.7,0.261
106,84.045,56,bp+ens_low+fl,1,1,0.254,0.49,16.728,-13.947,-5.887,-4.343,0,1,0,0,192.0,0.329
108,85.957,67,ens_low+fl,1,0,0.16,0.303,3.881,-1.25,-20.508,-5.643,1,0,0,1,197.0,0.154
110,87.5,48,ens_low+fl,1,0,0.259,0.43,-5.645,3.58,-17.328,6.332,0,0,0,0,-356.7,0.341
111,87.89,55,bp+ens_low+fl,1,1,0.263,0.517,13.637,-1.434,0.0,-10.843,1,1,1,1,-1730.5,0.35
111,88.178,55,bp+ens_low+fl,1,1,0.169,0.336,17.911,16.486,-1.56,-11.186,0,0,0,0,-2019.2,0.166
114,90.401,52,ens_low+fl,1,0,0.199,0.397,23.49,28.683,-17.521,1.387,0,0,1,1,862.6,0.215
116,91.562,55,bp+ens_low+fl+gaps,2,1,0.257,0.424,21.403,10.826,-0.517,-11.422,0,1,0,0,3839.4,0.337
116,91.562,67,ens_low+fl,1,0,0.253,0.504,20.324,3.368,-19.289,3.472,0,1,0,0,-3087.8,0.327
119,93.847,53,ens_low+fl,1,0,0.202,0.369,9.566,7.436,-15.952,-6.969,0,0,0,0,405.7,0.221
119,93.848,70,ens_low+fl,1,0,0.166,0.31,12.302,14.325,-21.741,2.648,1,0,1,1,25038.1,0.161
119,94.428,72,ens_low+fl,1,0,0.162,0.322,22.826,-0.596,-9.159,-17.006,1,1,1,1,,0.155
120,94.804,72,ens_low+fl,1,0,0.204,0.407,8.636,-0.497,-20.827,-3.412,0,0,0,0,,0.224
121,95.601,62,ens_low+fl,1,0,0.214,0.425,6.144,7.344,-7.319,-16.464,1,0,1,1,-788.5,0.244
122,96.187,62,ens_low+fl,1,0,0.199,0.394,5.495,16.82,-8.786,-20.496,1,0,1,1,-1374.5,0.214
122,96.557,54,ens_low+fl,1,0,0.35,0.687,-2.779,2.074,-11.719,-12.41,1,0,0,0,2657.5,0.577
124,97.922,72,ens_low+fl,1,0,0.161,0.323,25.192,-15.851,-11.172,15.025,0,1,0,0,,0.155
125,98.578,62,ens_low+fl,1,0,0.177,0.327,16.101,13.454,-18.435,-20.531,0,0,0,0,384.2,0.177
126,99.468,52,ens_low+fl,1,0,0.212,0.423,6.841,6.599,-10.309,2.146,0,0,1,1,-993.4,0.239
127,100.025,53,ens_low+fl,1,0,0.172,0.336,21.013,23.913,-8.114,-5.487,0,0,0,0,-1172.1,0.17
129,101.56,43,ens_low+fl,1,0,0.228,0.43,20.923,24.233,-12.083,-14.281,0,0,1,1,201.2,0.271
130,102.345,53,ens_low+fl+gaps,2,0,0.243,0.437,12.543,10.123,-12.37,-15.012,0,0,0,0,-292.4,0.304
130,102.923,62,ens_low+fl,1,0,0.286,0.57,-4.053,4.826,-19.539,-16.814,1,0,0,0,-180.2,0.408
131,103.13,48,ens_low+fl,1,0,0.285,0.49,6.276,18.27,-16.587,-0.788,0,0,0,0,-577.1,0.406
132,103.905,55,bp+ens_low+fl,1,1,0.296,0.508,18.533,8.612,-2.734,-18.405,0,1,0,0,-772.3,0.436
132,104.271,53,ens_low+fl,1,0,0.225,0.374,16.609,20.357,-3.554,-9.645,0,0,0,0,195.7,0.266
133,104.467,60,bp+ens_low+fl,1,1,0.28,0.507,-2.683,-1.916,-14.199,-3.392,0,0,0,0,-191.4,0.393
135,106.167,52,ens_low+fl+gaps,2,0,0.214,0.846,13.069,7.614,-4.91,-0.476,0,0,0,0,-375.2,0.243
136,107.531,73,ens_low+fl,1,0,0.403,0.603,8.342,3.411,-9.471,0.229,1,0,1,1,,0.707
137,107.924,62,ens_low+fl+gaps,2,0,0.38,0.829,10.855,6.956,-5.551,-15.253,1,0,1,1,-766.4,0.654
138,108.507,50,ens_low+fl,1,0,0.19,0.331,0.588,4.662,-8.194,-12.237,0,0,0,0,-302.1,0.199
139,109.45,62,ens_low+fl,1,0,0.297,0.409,5.497,29.521,-30.166,-6.608,1,0,0,0,267.7,0.437
139,109.567,53,ens_low+fl+gaps,2,0,0.216,0.516,10.404,-2.648,-12.736,-2.843,0,0,0,0,153.2,0.247
139,109.724,67,ens_low+fl,1,0,0.239,0.476,5.802,2.836,-25.124,6.886,1,0,0,0,2069.2,0.295
140,110.396,65,ens_low+fl,1,0,0.223,0.435,13.176,17.277,-10.207,-9.713,1,0,1,1,-6504.5,0.261
140,110.508,67,ens_low+fl,1,0,0.157,0.311,12.488,6.575,-26.153,-1.769,0,0,0,0,1285.5,0.148
141,110.873,67,ens_low+fl,1,0,0.288,0.515,31.498,42.058,-15.513,-6.952,1,0,1,1,919.5,0.415
141,111.229,67,ens_low+fl,1,0,0.174,0.348,15.578,20.142,-13.216,-9.517,0,0,0,0,563.8,0.174
142,112.058,52,bp+ens_low+fl+gaps,2,1,0.292,0.778,13.812,20.683,-9.719,-23.495,0,0,0,0,-4903.4,0.425
145,113.925,54,bp+ens_low+fl,1,1,0.193,0.322,23.378,11.841,-2.325,-8.098,0,1,0,0,175.6,0.204
146,114.684,63,ens_low+fl,1,0,0.286,0.429,11.111,3.844,-5.992,-17.174,1,0,0,0,-289.9,0.409
148,116.76,65,bp+ens_low+fl,1,1,0.193,0.386,7.406,-4.677,-10.216,-5.557,1,0,0,0,-12868.8,0.205
149,116.958,65,ens_low+fl+gaps,2,0,0.204,0.593,7.372,-10.663,-5.133,-30.54,0,0,0,0,-13066.9,0.225
150,117.553,59,bp+ens_low+fl,1,1,0.217,0.428,8.054,5.435,-5.837,-19.658,0,0,0,0,-118.5,0.249
152,119.624,40,ens_low+fl,1,0,0.24,0.367,5.73,3.964,-2.485,9.332,0,0,1,1,-50236.1,0.297
153,120.03,67,ens_low+fl,1,0,0.166,0.308,1.908,5.618,-13.338,-1.294,1,0,1,1,181.7,0.161
154,120.753,58,ens_low+fl,1,0,0.226,0.303,1.514,-2.55,-1.279,-11.476,1,0,0,0,-261.2,0.267
157,123.316,53,ens_low+fl,1,0,0.17,0.337,2.632,-7.614,-9.416,10.129,0,0,0,0,-269.3,0.168
157,123.324,59,bp+ens_low+fl,1,1,0.243,0.336,10.854,12.226,0.0,6.328,1,0,1,1,129.8,0.304
158,124.447,57,ens_low+fl,1,0,0.196,0.384,16.063,35.283,-0.533,-13.623,1,0,1,1,-874.7,0.209
160,125.303,58,bp+ens_low+fl+gaps_paper,2,1,0.391,0.5,5.283,10.535,-10.878,-4.727,0,0,0,0,77.4,0.68
160,125.308,49,ens_low+fl,1,0,0.299,0.556,5.38,14.109,-10.455,-9.294,0,0,0,0,68.9,0.442
160,125.378,63,ens_low+fl,1,0,0.336,0.405,0.741,-2.893,-18.589,-2.931,0,0,0,0,-73.2,0.543
160,125.384,68,ens_low+fl,1,0,0.219,0.438,2.556,4.07,-26.709,4.944,1,0,0,0,156.9,0.254
160,125.534,58,ens_low+fl+gaps_paper,2,0,0.447,0.553,5.341,-0.437,-3.173,-10.073,0,0,0,0,-77.9,0.794
160,125.535,63,ens_low+fl,1,0,0.306,0.445,4.681,-1.807,-8.859,-6.694,0,0,0,0,-78.5,0.462
161,126.462,63,ens_low+fl,1,0,0.323,0.557,1.854,-0.636,-8.409,-32.77,0,0,0,0,77.5,0.506
5,6.561,43,ens_low+gaps_paper,1,0,0.216,0.359,-1.428,-4.935,-7.619,-26.351,0,0,0,0,107.8,0.246
11,11.522,59,ens_low+gaps+gaps_paper,2,0,0.356,0.776,26.956,21.698,-3.139,-15.534,0,0,0,0,-395.2,0.594
12,11.909,60,ens_low+gaps+gaps_paper,2,0,0.18,0.787,38.039,-5.544,-1.483,-20.852,0,1,0,0,-376.2,0.183
18,17.008,41,ens_low+gaps_paper,1,0,0.257,0.464,5.471,13.158,-5.533,-8.395,0,0,0,1,2834.4,0.338
20,18.517,53,ens_low+gaps_paper,1,0,0.185,0.308,10.672,12.828,-14.439,-0.269,0,0,0,0,1711.4,0.19
22,19.462,46,ens_low+gaps_paper,1,0,0.225,0.439,9.792,5.179,-11.943,-0.94,0,0,1,1,5191.6,0.265
23,20.226,41,ens_low+gaps_paper,1,0,0.388,0.535,5.471,17.777,-10.568,5.526,0,0,1,1,-384.2,0.672
28,24.011,45,ens_low+gaps_paper,1,0,0.189,0.374,0.389,3.326,-3.249,-25.041,0,0,0,0,-142.1,0.198
31,26.505,65,ens_low+gaps_paper,1,0,0.284,0.56,31.788,29.979,-18.522,7.962,0,0,0,0,-528.8,0.405
34,29.272,57,ens_low+gaps_paper,1,0,0.165,0.303,17.116,2.424,-8.188,-7.124,0,1,0,0,2876.2,0.16
36,30.218,41,ens_low+gaps_paper,1,0,0.17,0.337,6.159,6.501,-7.725,1.19,0,0,0,0,1928.8,0.167
40,33.347,47,ens_low+gaps_paper,1,0,0.196,0.32,13.3,33.841,-12.791,4.283,0,0,0,0,2517.9,0.209
42,34.867,59,ens_low+gaps_paper,1,0,0.197,0.376,1.38,0.811,-11.855,-10.186,1,0,0,0,-380.7,0.212
45,37.299,60,ens_low+gaps_paper,1,0,0.191,0.335,0.203,1.682,-9.841,-20.209,0,0,0,0,-271.0,0.201
50,41.043,56,ens_low+gaps+gaps_paper,2,0,0.319,0.88,25.873,20.715,-0.384,-22.535,0,0,0,0,-6360.9,0.495
50,41.433,43,ens_low+gaps_paper,1,0,0.179,0.347,0.651,6.718,-10.732,-15.82,0,0,1,1,-1734.5,0.181
50,41.604,62,ens_low+gaps+gaps_paper,2,0,0.218,0.331,10.69,27.654,-11.818,-10.58,1,0,1,1,-566.1,0.25
52,43.13,48,ens_low+gaps_paper,1,0,0.23,0.364,16.211,17.672,-6.073,0.847,0,0,0,0,1527.2,0.276
52,43.136,49,ens_low+gaps_paper,1,0,0.2,0.34,12.075,3.68,-8.914,4.193,0,0,0,0,6029.0,0.217
53,43.724,44,ens_low+gaps_paper,1,0,0.185,0.368,-0.815,-2.965,0.0,-15.569,0,0,0,0,-207.7,0.19
56,46.177,51,ens_low+gaps+gaps_paper,2,0,0.289,0.75,8.169,21.918,-16.401,8.364,0,0,1,1,11801.3,0.417
58,46.961,49,ens_low+gaps+gaps_paper,2,0,0.208,0.855,21.153,34.908,-6.657,10.305,0,0,0,0,2204.3,0.232
59,48.086,56,ens_low+gaps_paper,1,0,0.207,0.411,22.015,11.584,-0.348,-12.238,0,0,0,0,-13404.1,0.231
60,48.686,60,ens_low+gaps_paper,1,0,0.227,0.45,1.447,-2.852,-6.207,1.008,0,0,0,0,844.2,0.269
67,54.228,48,ens_low+gaps_paper,1,0,0.225,0.317,12.557,3.185,-8.966,1.144,0,0,1,1,112.9,0.266
70,56.813,48,ens_low+gaps_paper,1,0,0.161,0.322,2.494,1.861,-6.036,0.774,0,0,0,0,-194.2,0.155
76,61.006,45,ens_low+gaps_paper,1,0,0.173,0.33,-1.449,1.768,-0.794,-22.814,0,0,0,0,-144.9,0.172
79,63.753,57,ens_low+gaps_paper,1,0,0.275,0.38,2.593,-0.92,-1.563,-12.361,0,0,0,0,-96.9,0.381
80,64.002,67,ens_low+gaps_paper,1,0,0.248,0.302,-3.241,-1.64,-16.462,-29.195,1,0,0,0,101.4,0.317
86,68.624,50,ens_low+gaps_paper,1,0,0.159,0.309,2.001,4.57,-8.826,-23.879,0,0,0,0,1161.2,0.151
89,71.358,73,ens_low+gaps_paper,1,0,0.171,0.319,25.817,10.323,-6.007,-4.818,1,1,1,1,,0.168
94,75.055,62,ens_low+gaps_paper,1,0,0.254,0.384,2.67,11.625,-21.342,0.86,0,0,0,0,1967.4,0.33
100,79.647,56,ens_low+gaps+gaps_paper,2,0,0.237,0.792,25.734,1.952,0.0,-37.057,0,1,0,0,-362.1,0.291
105,83.105,62,ens_low+gaps+gaps_paper,2,0,0.254,0.788,8.482,-0.632,-19.741,-12.426,1,0,1,1,1703.0,0.331
113,89.732,53,ens_low+gaps+gaps_paper,2,0,0.24,0.838,17.607,14.009,-6.549,0.022,0,0,0,0,-273.5,0.297
116,91.564,60,ens_low+gaps_paper,1,0,0.184,0.348,11.084,0.717,-2.484,-14.373,1,0,0,0,-301.8,0.19
117,92.518,62,ens_low+gaps+gaps_paper,2,0,0.3,0.696,7.327,11.884,-11.43,-18.339,1,0,0,0,266.7,0.445
125,98.336,57,bp+ens_low+gaps_paper,1,1,0.218,0.414,8.488,5.7,-0.244,-15.941,1,0,1,1,-406.4,0.251
125,98.972,56,ens_low+gaps+gaps_paper,2,0,0.212,0.638,20.89,5.501,0.0,-28.601,0,1,0,0,12266.1,0.239
127,100.033,48,ens_low+gaps_paper,1,0,0.167,0.328,6.829,26.314,-10.37,3.97,0,0,0,0,-561.8,0.163
132,103.893,60,ens_low+gaps+gaps_paper,2,0,0.172,0.686,7.368,12.054,-1.952,-8.936,1,0,0,0,-298.1,0.17
132,103.898,57,ens_low+gaps+gaps_paper,2,0,0.204,0.774,6.493,-3.34,0.0,-17.898,0,0,0,0,-300.7,0.224
137,108.211,66,ens_low+gaps_paper,1,0,0.256,0.412,0.062,-1.313,-11.625,-6.985,0,0,0,0,-285.1,0.336
137,108.212,72,ens_low+gaps_paper,1,0,0.187,0.336,2.207,2.946,-18.335,-5.417,1,0,1,1,,0.194
141,110.776,52,ens_low+gaps+gaps_paper,2,0,0.293,0.766,9.861,-5.893,-15.274,3.265,0,0,0,0,-3621.1,0.427
142,112.061,64,ens_low+gaps+gaps_paper,2,0,0.296,0.557,1.455,-0.463,-14.924,-13.627,0,0,0,0,-261.7,0.435
142,112.063,48,ens_low+gaps_paper,1,0,0.171,0.326,0.949,-0.367,-6.148,-22.035,0,0,0,0,-258.8,0.168
155,121.542,61,ens_low+gaps+gaps_paper,2,0,0.269,0.589,13.019,20.256,-26.262,-4.485,0,0,0,0,-373.7,0.365
156,122.408,42,bp+ens_low+gaps_paper,1,1,0.244,0.486,10.102,11.77,-2.993,-6.822,0,0,1,1,2221.2,0.307
157,123.453,47,bp+ens_low+gaps_paper,1,1,0.239,0.302,6.934,3.441,0.0,-5.108,0,0,1,1,-125.8,0.295
157,123.57,47,ens_low+gaps_paper,1,0,0.164,0.323,0.671,0.066,-1.671,-10.714,0,0,0,0,-243.0,0.158
160,125.382,54,ens_low+gaps_paper,1,0,0.169,0.312,-0.387,1.607,-7.503,-10.845,1,0,0,0,-182.8,0.166
160,125.463,49,ens_low+gaps_paper,1,0,0.214,0.311,1.575,2.012,-1.328,-9.085,0,0,0,0,-86.2,0.242
160,125.54,61,ens_low+gaps+gaps_paper,2,0,0.275,0.567,3.947,-2.519,-6.938,-10.299,1,0,0,0,926.4,0.382
160,125.63,54,ens_low+gaps_paper,1,0,0.22,0.439,4.323,-0.997,-5.994,-11.096,1,0,0,0,183.9,0.256
160,125.908,54,ens_low+gaps_paper,1,0,0.232,0.437,12.723,0.297,0.0,-16.024,1,1,0,0,90.4,0.28
161,126.092,49,ens_low+gaps_paper,1,0,0.259,0.402,5.645,8.914,-8.975,-25.734,0,0,0,0,87.3,0.343
161,126.175,54,ens_low+gaps_paper,1,0,0.221,0.391,4.943,6.88,0.0,-36.393,1,0,0,0,-177.1,0.256
161,126.179,61,ens_low+gaps_paper,1,0,0.333,0.632,8.016,1.411,-11.283,-35.424,1,0,1,1,287.1,0.533
161,126.18,42,ens_low+gaps_paper,1,0,0.24,0.348,7.134,0.233,-3.373,-17.398,0,0,0,0,-987.3,0.298
161,126.277,49,ens_low+gaps_paper,1,0,0.271,0.476,4.824,4.085,-9.451,-25.148,0,0,0,0,-98.1,0.37
161,126.279,61,ens_low+gaps+gaps_paper,2,0,0.244,0.619,3.415,8.142,-18.387,-26.5,1,0,0,0,187.0,0.307
161,126.37,49,bp+ens_low+gaps_paper,1,1,0.202,0.382,0.461,-1.384,-9.84,-31.954,0,0,0,0,-191.1,0.22
161,126.372,61,ens_low+gaps_paper,1,0,0.287,0.571,6.233,4.868,-15.851,-32.707,1,0,0,0,94.3,0.412
161,126.463,49,ens_low+gaps_paper,1,0,0.189,0.331,-0.818,2.913,-12.15,-33.269,0,0,1,1,-283.8,0.197
161,126.561,61,ens_low+gaps_paper,1,0,0.256,0.449,5.646,4.702,-14.954,-32.133,1,0,0,0,-94.5,0.334
2,4.756,58,gaps,1,0,0.049,0.753,15.667,10.885,-12.981,3.648,0,0,0,0,-553.1,0.052
7,8.005,41,ens_low+gaps,1,0,0.123,0.47,15.363,16.76,-16.922,9.999,0,0,1,1,-2845.6,0.109
8,9.335,57,bp+ens_low+gaps,1,1,0.118,0.723,3.162,8.794,-11.409,6.99,0,0,0,0,308.3,0.103
12,11.969,55,bp+ens_low+gaps,1,1,0.158,0.363,24.763,11.847,0.0,-14.548,0,1,0,0,318.3,0.15
13,13.023,59,gaps,1,0,0.04,0.671,-1.733,-16.528,-6.593,-17.856,0,0,0,0,-1895.7,0.048
14,13.738,73,gaps,1,0,0.0,0.318,15.4,17.73,-16.562,-0.059,0,0,0,0,,0.032
14,13.75,65,gaps,1,0,0.018,0.614,13.664,14.25,-15.677,7.213,0,0,0,0,1197.4,0.038
15,14.148,53,ens_low+gaps,1,0,0.107,0.871,33.074,31.133,-3.093,-12.196,0,0,0,0,1327.7,0.093
15,14.529,53,gaps,1,0,0.041,0.812,22.794,26.835,-5.355,-10.091,0,0,0,0,946.8,0.048
16,14.935,62,gaps,1,0,0.023,0.316,21.645,18.845,-6.183,-12.314,1,0,1,1,-395.6,0.04
18,16.816,64,gaps,1,0,0.002,0.857,-11.103,-1.507,-33.304,-2.176,0,0,0,0,-3626.2,0.032
18,17.01,48,ens_low+gaps,1,0,0.182,0.693,10.763,21.666,-11.446,10.986,0,0,0,0,399.2,0.186
19,17.572,53,gaps,1,0,0.002,0.607,14.109,22.119,-6.572,-5.602,0,0,1,1,-1806.0,0.032
20,17.962,48,bp+gaps,1,1,0.073,0.878,17.585,8.177,-5.264,-3.491,0,1,1,1,-552.6,0.066
22,19.84,47,gaps,1,0,0.045,0.536,-1.122,31.178,-21.944,5.802,0,0,0,0,5186.4,0.05
24,21.354,40,gaps,1,0,0.013,0.458,1.894,20.212,-6.1,12.277,0,0,0,1,-1713.4,0.036
28,24.006,60,gaps,1,0,0.015,0.611,1.251,12.966,-20.346,-14.484,0,0,0,0,1406.1,0.037
28,24.1,64,gaps,1,0,0.002,0.308,0.004,4.648,-25.908,6.036,1,0,0,0,1309.9,0.032
30,25.968,41,ens_low+gaps,1,0,0.189,0.677,12.24,-2.653,-3.018,-6.487,0,1,0,1,-6126.5,0.198
31,26.492,52,gaps,1,0,0.013,0.468,27.903,31.46,-12.671,1.663,0,0,0,0,-1089.1,0.036
32,27.009,48,gaps,1,0,0.006,0.439,1.983,5.658,-14.335,-6.866,0,0,0,0,1493.1,0.034
34,29.069,62,gaps,1,0,0.041,0.537,15.647,-13.972,-8.07,-21.732,0,1,0,0,-388.2,0.048
34,29.257,48,ens_low+gaps,1,0,0.173,0.67,9.867,19.022,-2.234,5.031,0,0,1,1,-754.6,0.172
34,29.262,58,ens_low+gaps,1,0,0.161,0.398,14.621,-0.403,-9.436,0.156,0,1,0,0,-179.8,0.155
35,29.855,53,gaps,1,0,0.031,0.598,-1.509,17.92,-21.951,4.946,0,0,0,0,946.4,0.044
36,30.205,53,gaps,1,0,0.094,0.819,23.036,6.248,-5.372,-7.095,0,1,0,0,595.8,0.082
36,30.594,53,gaps,1,0,0.029,0.62,2.21,0.521,-8.311,-18.004,0,0,0,0,206.8,0.043
40,33.734,46,ens_low+gaps,1,0,0.121,0.684,18.893,9.074,0.0,-24.051,0,0,0,0,7130.1,0.107
41,34.482,52,ens_low+gaps,1,0,0.2,0.833,2.68,11.772,-22.998,5.844,0,0,0,0,1122.9,0.217
42,35.259,42,ens_low+gaps,1,0,0.21,0.851,12.085,3.528,-0.715,-15.382,0,1,0,0,2516.2,0.236
44,36.486,47,gaps,1,0,0.009,0.412,-6.301,0.258,-14.507,-25.795,0,0,1,1,-621.4,0.035
47,39.106,53,ens_low+gaps,1,0,0.165,0.716,-0.379,-4.386,-13.854,-2.65,0,0,1,1,-300.7,0.16
48,40.064,65,gaps,1,0,0.002,0.344,11.908,25.447,-19.421,8.52,1,0,0,1,309.5,0.032
48,40.072,53,gaps,1,0,0.01,0.793,16.492,33.015,-6.876,-8.724,1,0,1,1,-1267.2,0.035
49,40.662,62,ens_low+gaps,1,0,0.123,0.608,19.889,3.354,-2.917,-18.089,0,1,0,0,-288.3,0.109
50,41.586,65,ens_low+gaps,1,0,0.184,0.649,16.437,8.883,-16.706,2.033,0,0,0,0,297.6,0.19
53,43.714,54,gaps,1,0,0.028,0.803,15.041,1.682,-8.99,-18.434,0,1,0,0,-1156.1,0.042
54,44.649,53,gaps,1,0,0.056,0.557,12.522,8.261,-8.441,-5.256,0,0,0,0,-551.0,0.056
55,45.22,52,ens_low+gaps,1,0,0.105,0.397,4.124,-7.46,-11.875,-4.027,0,0,0,0,-271.6,0.092
57,46.432,52,gaps,1,0,0.02,0.598,13.291,2.015,-15.483,-16.945,0,0,0,0,-815.4,0.039
57,46.753,54,ens_low+gaps,1,0,0.169,0.809,8.765,0.539,-5.99,-8.531,0,0,0,0,377.2,0.166
59,47.886,54,gaps,1,0,0.059,0.32,11.656,21.599,0.0,-20.986,0,0,0,0,-755.8,0.058
59,47.894,47,gaps,1,0,0.097,0.796,14.004,19.46,-6.582,-20.439,0,0,0,0,1169.2,0.085
59,47.901,57,ens_low+gaps,1,0,0.12,0.409,12.139,28.167,-9.725,-8.09,0,0,0,0,-769.6,0.106
59,48.069,45,gaps,1,0,0.019,0.473,2.172,11.212,-10.823,-26.199,0,0,0,0,232.5,0.039
60,48.679,52,gaps,1,0,0.004,0.802,24.165,9.646,-11.138,6.771,0,1,1,1,1959.2,0.033
62,50.163,41,gaps,1,0,0.046,0.795,-4.224,-7.608,-12.189,-21.466,0,0,1,1,-8936.2,0.051
67,54.221,45,gaps,1,0,0.004,0.426,16.819,8.296,-15.506,1.548,0,0,1,1,876.4,0.033
68,55.263,64,gaps,1,0,0.031,0.511,5.806,3.359,-13.363,-17.574,1,0,0,0,3076.8,0.044
68,55.274,60,gaps,1,0,0.055,0.525,17.186,2.68,-5.592,-26.834,0,1,0,0,-371.2,0.056
71,57.212,48,gaps,1,0,0.021,0.683,16.453,24.508,-13.24,11.088,0,0,1,1,-593.2,0.039
76,61.003,57,gaps,1,0,0.027,0.434,0.591,4.132,0.0,-18.533,1,0,0,0,-1497.7,0.042
76,61.004,64,gaps,1,0,0.014,0.336,3.305,7.034,-18.359,-2.191,1,0,0,0,1381.2,0.037
76,61.083,57,gaps,1,0,0.012,0.327,0.391,-2.946,-6.273,-17.169,1,0,0,0,-1578.1,0.036
76,61.098,64,gaps,1,0,0.008,0.473,1.834,-0.704,-26.427,4.836,1,0,0,0,1286.9,0.034
79,63.511,53,ens_low+gaps,1,0,0.141,0.804,36.613,37.778,-4.897,-6.49,0,0,0,0,-1769.1,0.129
79,63.65,53,gaps,1,0,0.016,0.308,-1.197,19.465,-11.489,-9.278,0,0,0,0,-1908.1,0.038
80,63.946,53,gaps,1,0,0.052,0.443,13.8,7.271,-9.927,-17.217,0,0,0,0,-2203.6,0.054
80,63.958,60,gaps,1,0,0.087,0.322,2.552,-1.472,-7.93,-31.23,1,0,0,0,-4452.4,0.076
80,64.095,53,gaps,1,0,0.015,0.308,1.614,14.827,-14.278,-15.38,0,0,0,0,-2353.4,0.037
81,64.911,67,gaps,1,0,0.004,0.379,16.034,9.783,-24.262,-12.404,0,0,0,0,766.7,0.033
82,65.868,67,bp+ens_low+gaps,1,1,0.104,0.692,3.086,5.702,-12.644,0.861,1,0,1,1,-190.0,0.09
96,76.64,59,ens_low+gaps,1,0,0.144,0.336,1.225,-0.906,-7.164,-1.427,0,0,0,0,-206.3,0.132
97,77.503,53,gaps,1,0,0.021,0.643,9.166,-4.868,-16.153,2.4,0,0,0,0,1217.9,0.039
98,77.771,52,gaps,1,0,0.003,0.458,21.263,8.005,-17.272,-15.363,0,1,0,0,-272.6,0.033
98,77.777,62,ens_low+gaps,1,0,0.15,0.642,7.036,-4.741,-23.259,17.748,1,0,1,1,-277.6,0.139
99,78.529,64,gaps,1,0,0.003,0.75,11.78,2.093,-28.513,5.341,0,0,0,0,-383.3,0.033
99,78.531,52,gaps,1,0,0.002,0.65,4.152,21.896,-22.099,-12.198,0,0,0,0,-1033.4,0.032
101,80.022,64,gaps,1,0,0.009,0.676,-1.657,3.631,-29.413,8.255,0,0,0,0,1729.9,0.035
106,83.844,56,bp+ens_low+gaps,1,1,0.198,0.852,3.886,2.143,-13.024,-18.957,0,0,0,0,393.3,0.212
109,86.155,65,gaps,1,0,0.005,0.368,23.291,17.882,-17.942,-6.161,0,0,0,0,-1545.7,0.033
111,87.882,60,gaps,1,0,0.087,0.396,16.047,12.76,-8.852,-5.668,1,0,1,1,3100.8,0.076
111,88.269,60,ens_low+gaps,1,0,0.112,0.758,7.45,10.601,-6.592,1.364,1,0,1,1,2714.4,0.097
112,88.46,60,gaps,1,0,0.028,0.594,2.491,5.033,-8.157,-2.459,1,0,1,1,2523.4,0.042
112,88.76,67,gaps,1,0,0.003,0.325,-7.932,-12.185,-18.707,-4.784,0,0,0,0,-285.7,0.033
114,90.001,50,gaps,1,0,0.002,0.438,21.988,23.952,-14.447,9.291,0,0,1,1,1751.2,0.032
114,90.569,64,gaps,1,0,0.007,0.6,1.709,3.253,-22.455,-2.889,0,0,0,0,-157.8,0.034
117,92.498,53,gaps,1,0,0.072,0.371,19.765,29.334,-2.923,-12.185,0,0,0,0,1754.9,0.066
120,94.808,59,gaps,1,0,0.082,0.863,9.735,30.003,-3.561,-26.848,0,0,0,0,2134.2,0.073
123,97.294,41,gaps,1,0,0.091,0.388,-1.076,-4.76,-13.356,-24.712,0,0,1,1,-5919.5,0.08
127,100.023,73,gaps,1,0,0.024,0.472,2.164,11.807,-18.749,-8.792,0,0,0,0,,0.041
127,100.423,74,gaps,1,0,0.001,0.336,39.72,27.958,-20.255,-3.479,1,1,1,1,,0.032
127,100.427,53,ens_low+gaps,1,0,0.167,0.399,19.706,38.162,-15.347,2.355,0,0,0,0,-1574.1,0.163
128,100.825,53,ens_low+gaps,1,0,0.21,0.727,20.003,26.187,-11.74,5.494,0,0,0,0,1228.0,0.235
128,101.209,62,gaps,1,0,0.026,0.498,24.452,19.176,-12.219,-13.747,1,0,1,1,362.3,0.041
131,103.129,50,ens_low+gaps,1,0,0.14,0.672,13.591,10.823,-23.031,0.613,0,0,1,1,966.4,0.128
131,103.302,58,gaps,1,0,0.008,0.345,5.059,3.268,-8.921,-21.201,0,0,0,0,-377.6,0.034
131,103.308,53,gaps,1,0,0.009,0.443,8.158,1.269,-12.838,1.464,0,0,1,1,1158.7,0.035
131,103.699,53,gaps,1,0,0.01,0.503,12.357,28.63,-7.797,-2.435,1,0,1,1,768.4,0.035
132,103.885,53,gaps,1,0,0.009,0.579,-5.512,1.888,-15.505,-3.02,1,0,1,1,582.1,0.035
132,104.266,65,ens_low+gaps,1,0,0.179,0.872,20.977,26.288,-11.229,-9.102,0,0,0,0,-374.9,0.181
133,105.107,53,ens_low+gaps,1,0,0.232,0.6,5.266,10.061,-8.743,-17.975,0,0,0,0,-640.0,0.281
135,106.172,53,ens_low+gaps,1,0,0.149,0.56,19.022,8.723,-3.963,-1.635,0,1,0,0,414.9,0.138
137,107.73,62,ens_low+gaps,1,0,0.186,0.833,-5.712,-0.864,-17.205,-4.112,1,0,1,1,-572.0,0.192
142,111.5,62,gaps,1,0,0.007,0.52,-3.835,2.433,-26.792,0.069,0,0,0,0,-261.1,0.034
142,111.912,48,gaps,1,0,0.07,0.334,6.913,6.625,-2.667,-16.734,0,0,0,0,-107.8,0.064
145,113.915,53,ens_low+gaps,1,0,0.166,0.602,23.031,3.881,-0.791,-5.843,0,1,0,0,-356.4,0.161
149,116.954,61,ens_low+gaps,1,0,0.212,0.767,26.941,-1.511,0.0,-35.29,0,1,0,0,-362.5,0.24
150,117.712,54,gaps,1,0,0.06,0.553,8.652,0.355,-1.98,-19.799,0,0,0,0,-277.1,0.059
150,117.721,53,ens_low+gaps,1,0,0.163,0.401,11.974,1.649,-4.259,-16.286,0,0,0,0,369.4,0.157
151,118.485,54,ens_low+gaps,1,0,0.132,0.45,19.242,26.595,-3.462,-9.816,1,0,1,1,395.6,0.118
155,121.542,58,ens_low+gaps,1,0,0.139,0.503,28.872,3.527,-18.727,1.054,0,1,0,0,-374.8,0.126
157,123.021,54,gaps,1,0,0.014,0.318,7.486,5.644,-5.641,3.917,0,0,0,0,-367.1,0.036
160,125.534,49,bp+ens_low+gaps,1,1,0.289,0.703,-5.395,0.773,-6.28,-10.351,0,0,0,0,94.3,0.417
160,125.903,61,ens_low+gaps,1,0,0.136,0.508,7.751,4.132,-15.977,-14.109,1,0,1,1,562.5,0.123
161,125.99,52,gaps,1,0,0.001,0.718,6.698,9.539,-5.057,-27.068,0,0,0,0,-6157.0,0.032
161,125.992,64,gaps,1,0,0.004,0.459,0.941,-1.112,-14.365,-25.786,0,0,0,0,-1910.6,0.033
161,126.099,64,gaps,1,0,0.007,0.348,1.338,4.206,-13.154,-30.212,0,0,0,0,-2017.7,0.034
161,126.168,52,gaps,1,0,0.001,0.595,4.073,9.462,-4.429,-34.453,0,0,0,0,-6335.3,0.032
161,126.169,64,gaps,1,0,0.011,0.646,7.001,5.062,-9.61,-30.64,0,0,0,0,-2088.2,0.035
163,127.769,58,bp+ens_low,0,1,0.185,0.273,4.748,0.018,-0.392,16.613,0,0,0,0,-162.7,0.191
163,127.676,49,bp,0,1,0.015,0.022,0.523,3.036,-6.082,-8.844,0,0,0,0,-202.8,0.037
162,127.397,54,bp,0,1,0.02,0.034,28.314,30.47,0.0,-28.481,0,0,1,1,-1399.2,0.039
161,126.293,42,bp+ens_low,0,1,0.122,0.221,7.966,-0.861,0.0,-20.179,0,0,0,0,-1099.9,0.107
160,125.329,42,bp,0,1,0.017,0.022,6.203,1.143,0.0,-25.566,0,0,0,0,-136.3,0.038
159,124.55,58,bp,0,1,0.023,0.044,12.104,11.838,0.0,-13.906,0,0,0,0,647.8,0.04
156,122.529,58,bp,0,1,0.019,0.022,15.261,17.648,-2.362,-10.062,1,0,1,1,389.3,0.038
154,121.356,43,bp,0,1,0.001,0.002,-0.866,-6.174,0.0,-14.052,0,0,0,0,186.9,0.032
154,121.169,43,bp,0,1,0.048,0.074,1.139,0.283,0.0,-9.282,0,0,0,0,-188.1,0.052
154,120.74,46,bp,0,1,0.015,0.022,2.128,3.696,0.0,-8.56,0,0,0,0,-134.5,0.037
153,120.589,58,bp,0,1,0.034,0.045,9.789,7.618,0.0,-2.698,1,0,1,1,-96.6,0.045
145,114.49,59,bp,0,1,0.047,0.056,11.579,8.382,-4.997,-2.349,0,0,0,0,-93.5,0.051
145,114.49,56,bp,0,1,0.002,0.003,7.004,17.99,-10.238,0.461,1,0,1,1,-3251.5,0.032
145,114.385,47,bp+ens_low,0,1,0.125,0.223,5.997,34.885,-12.712,-3.025,0,0,1,1,-2998.0,0.11
145,114.095,43,bp,0,1,0.001,0.002,8.422,20.541,-6.537,-11.361,0,0,0,0,-4641.8,0.032
145,113.909,42,bp,0,1,0.021,0.04,2.71,25.686,-7.114,6.504,0,0,0,0,1744.0,0.04
143,112.874,61,bp,0,1,0.025,0.041,13.146,14.639,-2.462,-31.698,1,0,0,0,-93.4,0.041
143,112.7,61,bp,0,1,0.072,0.206,10.122,-1.644,-13.76,-21.853,0,0,0,0,80.7,0.066
142,112.178,59,bp,0,1,0.032,0.058,4.934,3.098,-4.593,-8.013,0,0,0,0,-548.8,0.044
142,112.178,55,bp,0,1,0.041,0.066,18.076,-5.007,-8.387,-8.384,0,1,0,0,-546.8,0.048
142,111.806,60,bp+ens_low,0,1,0.141,0.257,14.473,8.771,-6.098,-2.495,1,0,1,1,-1683.3,0.129
142,111.632,67,bp+ens_low,0,1,0.1,0.198,6.378,9.285,-16.759,-9.748,1,0,1,1,160.8,0.087
141,111.388,59,bp,0,1,0.011,0.015,13.38,11.44,-0.863,-15.386,1,0,1,1,240.6,0.036
141,111.016,58,bp,0,1,0.027,0.05,14.247,16.859,0.0,-1.355,1,0,1,1,786.4,0.042
141,110.656,57,bp,0,1,0.01,0.015,13.117,26.599,0.0,-23.108,1,0,1,1,1725.4,0.035
140,110.505,57,bp,0,1,0.027,0.028,0.732,-5.708,-13.624,-2.646,1,0,0,0,-1622.7,0.042
140,110.377,60,bp,0,1,0.058,0.066,-1.342,-5.282,-2.071,-12.622,0,0,0,0,-254.0,0.058
138,108.878,42,bp,0,1,0.001,0.002,-1.298,-0.295,0.0,-20.134,0,0,0,0,-188.0,0.032
138,108.692,54,bp,0,1,0.006,0.011,27.12,35.603,-7.029,-16.937,1,0,1,1,2816.7,0.034
137,108.065,57,bp,0,1,0.02,0.029,2.324,3.354,-1.055,-21.318,0,0,0,0,-139.3,0.039
137,108.054,60,bp,0,1,0.019,0.023,4.596,0.67,0.0,-29.513,0,0,0,0,-126.7,0.038
137,108.007,50,bp+ens_low,0,1,0.174,0.222,0.72,4.768,-5.455,-24.827,0,0,0,0,-82.3,0.173
137,107.856,60,bp,0,1,0.261,0.414,6.572,0.761,-1.794,-27.03,0,0,0,0,70.6,0.346
136,107.357,73,bp+ens_low,0,1,0.111,0.216,13.357,6.706,-15.391,1.401,1,0,1,1,,0.096
136,107.158,40,bp,0,1,0.003,0.006,14.18,14.949,-4.008,7.389,0,0,1,1,-37770.5,0.033
136,106.973,40,bp,0,1,0.008,0.019,3.874,11.622,-9.318,15.773,0,0,1,1,-37584.7,0.035
135,106.172,55,bp,0,1,0.004,0.008,24.197,23.37,-4.463,-4.618,0,0,0,0,1557.4,0.033
134,105.823,48,bp+ens_low,0,1,0.234,0.253,-0.959,-3.944,-0.385,-3.645,0,0,0,0,155.7,0.285
132,103.721,60,bp,0,1,0.004,0.006,2.061,-0.584,-9.658,-28.342,1,0,0,0,-125.6,0.033
132,103.709,57,bp,0,1,0.048,0.086,5.359,10.163,-6.411,-16.867,0,0,0,0,-112.0,0.052
131,103.581,41,bp,0,1,0.051,0.099,1.28,18.418,-1.785,-16.038,0,0,0,1,128.7,0.053
131,103.127,43,bp,0,1,0.013,0.014,-6.144,-9.075,-3.102,-17.951,0,0,1,1,-193.2,0.036
130,102.93,55,bp,0,1,0.017,0.038,20.447,29.603,-8.185,-14.152,1,0,1,1,203.1,0.038
130,102.733,43,bp,0,1,0.009,0.017,6.944,18.522,-10.878,2.865,0,0,0,0,201.5,0.035
130,102.326,43,bp,0,1,0.014,0.028,-1.125,-4.05,0.0,-17.788,0,0,0,0,-163.2,0.037
129,101.664,43,bp,0,1,0.065,0.115,-0.295,-12.47,-15.261,-14.978,0,0,0,0,96.6,0.062
129,101.421,62,bp,0,1,0.018,0.033,2.757,1.975,-4.0,-19.582,1,0,0,0,150.4,0.038
128,100.839,55,bp,0,1,0.034,0.065,20.131,24.207,-2.56,-7.498,0,0,1,1,729.2,0.045
127,100.514,55,bp,0,1,0.008,0.014,13.126,8.86,-7.491,-20.765,0,0,0,0,1054.3,0.034
127,100.026,55,bp,0,1,0.029,0.056,3.362,2.238,-7.01,-7.705,0,0,1,1,-707.1,0.043
127,99.956,48,bp,0,1,0.036,0.163,0.3,10.967,-8.91,-4.819,0,0,0,0,-485.4,0.046
126,99.771,55,bp+ens_low,0,1,0.151,0.268,23.77,-0.263,0.0,-25.054,0,1,0,0,-451.7,0.141
126,99.573,48,bp,0,1,0.007,0.024,9.749,9.926,0.0,-18.756,0,0,0,0,-102.3,0.034
126,99.224,59,bp,0,1,0.079,0.184,0.513,5.445,-8.596,-20.42,1,0,0,0,92.3,0.071
125,98.713,58,bp,0,1,0.051,0.092,8.739,8.018,0.0,-22.564,1,0,1,1,759.1,0.054
124,98.179,57,bp,0,1,0.055,0.095,2.538,0.088,0.0,-31.936,1,0,0,0,-248.8,0.055
123,96.993,43,bp,0,1,0.036,0.068,1.705,0.935,-18.019,-14.808,0,0,1,1,158.7,0.046
122,96.552,42,bp,0,1,0.024,0.047,0.677,0.891,0.0,-12.884,0,0,0,0,-193.1,0.04
122,96.355,54,bp,0,1,0.011,0.016,21.202,30.596,-4.44,-23.623,1,0,1,1,2860.2,0.035
122,96.204,45,bp,0,1,0.01,0.013,1.045,-0.175,-3.909,-4.944,0,0,1,1,-211.8,0.035
122,95.995,57,bp,0,1,0.027,0.033,9.061,9.441,0.0,-15.998,1,0,1,1,-123.9,0.042
122,95.995,50,bp+ens_low,0,1,0.157,0.235,1.79,-2.875,-4.96,-0.564,0,0,0,0,-129.9,0.149
121,95.867,54,bp,0,1,0.001,0.001,18.707,0.313,-7.359,-10.518,0,1,0,0,3347.8,0.032
120,94.798,40,bp,0,1,0.0,0.001,11.765,11.689,-6.289,3.764,0,0,0,0,-25409.8,0.032
119,93.857,43,bp,0,1,0.042,0.082,2.424,-0.425,0.0,-18.723,0,0,0,0,-200.4,0.049
118,93.451,43,bp,0,1,0.016,0.031,12.352,6.175,-4.713,-11.541,0,0,0,0,206.0,0.037
118,93.09,43,bp,0,1,0.099,0.192,-1.968,0.51,-0.571,-19.626,0,0,0,0,-200.8,0.086
115,91.266,48,bp,0,1,0.001,0.002,14.257,39.426,-7.254,-12.252,0,0,1,1,-1046.8,0.032
115,90.685,43,bp,0,1,0.102,0.142,17.605,13.723,0.0,-22.13,0,0,0,0,-87.3,0.089
114,90.569,55,bp,0,1,0.006,0.009,24.587,26.534,-5.557,-12.049,1,0,1,1,-4410.2,0.034
111,88.281,55,bp,0,1,0.005,0.008,8.323,10.331,-2.388,-3.885,0,0,1,1,-2121.7,0.033
111,87.886,43,bp,0,1,0.004,0.007,-5.821,-3.25,-2.23,-7.591,0,0,0,1,-385.0,0.033
111,87.735,43,bp,0,1,0.04,0.077,-1.238,-0.057,0.0,-18.065,0,0,0,0,-234.0,0.048
111,87.7,55,bp+ens_low,0,1,0.162,0.259,5.841,1.55,-11.148,-12.964,1,0,0,0,-1541.2,0.156
111,87.573,43,bp,0,1,0.385,0.441,18.012,17.052,0.0,-23.975,0,0,0,0,-71.5,0.665
110,87.48,55,bp,0,1,0.013,0.025,16.519,22.851,-7.624,-2.199,1,0,1,1,-1320.6,0.036
110,87.339,48,bp+ens_low,0,1,0.104,0.205,0.833,-0.946,0.0,-10.34,0,0,0,0,-196.0,0.09
110,86.956,43,bp,0,1,0.0,0.001,-1.77,1.821,0.0,-19.127,0,0,0,1,-206.9,0.032
109,86.654,48,bp,0,1,0.037,0.048,1.395,-1.275,0.0,2.992,0,0,0,0,-310.0,0.047
109,86.642,60,bp,0,1,0.024,0.027,3.185,0.043,-8.33,-0.923,1,0,0,0,4340.6,0.04
109,86.642,55,bp,0,1,0.003,0.004,26.403,10.696,-7.458,-1.267,0,1,1,1,-483.4,0.033
109,86.631,43,bp,0,1,0.009,0.016,8.807,25.118,-7.863,5.923,0,0,0,1,118.2,0.035
108,85.934,55,bp,0,1,0.01,0.012,15.596,20.774,-5.637,-15.226,1,0,1,1,224.8,0.035
108,85.399,43,bp,0,1,0.003,0.005,-1.266,0.637,0.0,-15.441,0,0,0,0,-205.9,0.033
108,85.26,43,bp,0,1,0.337,0.369,12.185,15.195,0.0,-25.488,0,0,0,0,-66.5,0.544
107,85.085,43,bp,0,1,0.007,0.013,10.255,11.137,-8.99,-1.65,0,0,0,0,107.6,0.034
107,84.609,43,bp,0,1,0.01,0.018,-3.625,-2.96,-1.887,-17.475,0,0,1,1,-190.4,0.035
107,84.482,55,bp,0,1,0.007,0.01,8.459,4.715,-9.777,-22.404,1,0,0,0,129.3,0.034
105,83.099,43,bp,0,1,0.013,0.018,-4.188,1.033,-1.473,-15.638,0,0,1,1,-179.8,0.036
105,82.925,55,bp,0,1,0.003,0.005,4.187,0.419,-6.998,-12.435,1,0,1,1,181.3,0.033
104,82.344,43,bp,0,1,0.004,0.007,-1.098,2.163,0.0,-23.292,0,0,1,1,-199.2,0.033
102,81.368,55,bp,0,1,0.016,0.023,25.773,21.583,-4.606,-8.922,1,0,1,1,209.4,0.037
102,81.193,47,bp,0,1,0.053,0.088,0.719,-0.666,-1.353,-21.547,0,0,0,0,-699.5,0.055
101,80.613,55,bp,0,1,0.003,0.005,17.769,18.677,-10.52,-8.548,1,0,1,1,-579.0,0.033
101,80.044,43,bp,0,1,0.024,0.046,-2.549,-4.558,-1.174,-21.344,0,0,1,1,-190.1,0.04
100,79.847,48,bp,0,1,0.094,0.122,1.087,-0.555,-9.918,-0.265,0,0,0,0,-378.7,0.082
100,79.649,48,bp,0,1,0.036,0.058,3.035,1.732,-9.106,-21.201,0,0,1,1,-181.4,0.046
100,79.277,43,bp,0,1,0.018,0.036,-2.274,1.392,-0.621,-18.651,0,0,0,0,-188.6,0.038
98,78.139,48,bp+ens_low,0,1,0.13,0.257,0.66,1.472,-11.887,-9.439,0,0,1,1,-148.8,0.116
98,77.907,55,bp,0,1,0.023,0.033,5.942,5.449,0.0,-30.851,0,0,0,0,-124.6,0.04
98,77.895,48,bp,0,1,0.124,0.169,-1.739,-16.854,-25.181,7.823,0,0,0,0,95.0,0.11
98,77.767,43,bp,0,1,0.012,0.023,-4.337,-6.707,-7.912,-19.602,0,0,1,1,-167.3,0.036
97,77.593,55,bp,0,1,0.015,0.021,14.937,18.788,-7.629,-9.015,1,0,1,1,188.9,0.037
97,77.336,58,bp,0,1,0.007,0.014,7.609,5.134,0.0,-16.036,0,0,0,0,-126.4,0.034
97,77.023,43,bp,0,1,0.051,0.06,-4.456,-1.69,-20.996,-31.243,0,0,1,1,577.1,0.053
96,76.233,43,bp,0,1,0.002,0.002,-0.239,0.415,0.0,-27.921,0,0,0,0,-607.5,0.032
96,76.222,57,bp,0,1,0.048,0.094,-3.548,-6.346,-13.192,-21.95,0,0,0,0,-196.8,0.052
95,76.036,43,bp,0,1,0.0,0.001,-0.114,0.521,0.0,-37.511,0,0,0,0,-410.1,0.032
95,75.827,43,bp,0,1,0.019,0.03,-0.183,0.163,0.0,-39.671,0,0,0,0,-201.1,0.039
95,75.478,43,bp,0,1,0.021,0.041,10.501,16.637,-9.454,-23.922,0,0,0,0,148.5,0.039
95,75.257,54,bp,0,1,0.023,0.036,-5.577,-5.581,-4.147,-38.116,0,0,0,0,-199.9,0.04
94,74.862,60,bp+ens_low,0,1,0.177,0.247,3.555,13.341,-0.956,-19.753,0,0,0,0,391.8,0.178
93,74.467,72,bp+ens_low,0,1,0.113,0.176,31.324,7.002,-11.891,-8.477,1,1,1,1,,0.098
93,74.467,54,bp,0,1,0.003,0.005,-5.666,-3.908,-0.886,-29.44,0,0,0,0,-182.5,0.033
93,74.467,50,bp,0,1,0.001,0.002,0.467,-3.397,-2.465,-30.74,0,0,0,0,-383.5,0.032
93,74.305,50,bp,0,1,0.003,0.005,-1.646,-13.315,-9.232,-32.922,0,0,0,0,-220.9,0.033
93,73.69,60,bp,0,1,0.001,0.002,-0.819,-6.824,0.0,-32.55,0,0,0,0,-205.6,0.032
92,73.666,44,bp,0,1,0.0,0.0,-0.097,3.285,-1.941,-22.528,0,0,0,1,-1143.4,0.032
92,73.479,44,bp,0,1,0.0,0.0,1.14,9.403,-2.421,-21.753,0,0,0,0,-956.3,0.032
92,73.305,60,bp,0,1,0.004,0.007,1.599,13.678,-5.906,-27.261,0,0,0,0,178.8,0.033
92,73.305,54,bp,0,1,0.0,0.0,-5.887,-7.994,0.0,-28.738,0,0,0,0,-191.2,0.032
90,71.947,65,bp,0,1,0.001,0.001,-1.957,-4.696,-10.38,-11.171,0,0,0,0,-187.8,0.032
90,71.773,61,bp+ens_low,0,1,0.153,0.24,0.307,14.362,-1.294,-17.951,0,0,0,0,184.3,0.143
90,71.564,51,bp,0,1,0.0,0.001,1.181,-3.934,-12.863,-32.351,0,0,0,0,-595.7,0.032
90,71.504,61,bp,0,1,0.009,0.017,0.271,-3.189,0.0,-29.228,0,0,0,0,-147.3,0.035
89,71.365,51,bp,0,1,0.001,0.001,0.196,-4.23,-5.187,-24.947,0,0,0,0,-397.0,0.032
89,71.353,55,bp,0,1,0.002,0.004,-9.049,-9.258,-4.899,-1.681,0,0,0,0,-181.4,0.032
89,71.179,67,bp,0,1,0.0,0.001,16.348,36.585,-18.531,-19.381,1,0,1,1,-4326.3,0.032
88,70.262,56,bp,0,1,0.002,0.003,-1.262,-1.469,-5.793,-19.478,0,0,0,0,-274.1,0.032
88,70.053,56,bp,0,1,0.52,0.604,28.059,27.987,-1.889,-31.331,0,0,0,0,-65.1,0.894
87,69.39,52,bp+ens_low,0,1,0.149,0.297,6.546,-0.57,-1.044,-21.693,1,0,1,1,-3711.0,0.138
87,69.216,52,bp,0,1,0.001,0.001,5.991,3.01,-3.901,-17.858,1,0,1,1,-3536.9,0.032
86,68.67,57,bp,0,1,0.003,0.006,-1.9,-0.221,0.0,-25.732,0,0,0,0,-236.2,0.033
85,68.426,48,bp,0,1,0.002,0.005,0.664,26.729,-6.359,-25.42,0,0,0,0,-389.4,0.032
85,68.426,41,bp,0,1,0.001,0.001,-2.711,0.743,-8.059,-31.965,0,0,0,1,-582.4,0.032
85,68.043,67,bp,0,1,0.002,0.091,8.158,12.444,-19.812,-13.7,1,0,0,0,-1190.3,0.032
85,68.032,60,bp,0,1,0.002,0.003,7.287,5.293,-4.06,-19.354,1,0,1,1,4872.3,0.032
85,68.032,41,bp,0,1,0.008,0.012,-2.997,-0.156,0.0,-37.408,0,0,0,0,-187.7,0.034
85,67.834,53,bp,0,1,0.011,0.023,11.082,4.27,-0.775,-33.673,1,0,1,1,-375.3,0.036
84,67.462,43,bp,0,1,0.002,0.004,-0.49,0.414,-1.738,-42.9,0,0,0,0,-1205.5,0.032
84,67.287,43,bp,0,1,0.003,0.005,-0.558,-8.434,0.0,-35.666,0,0,0,0,-1031.4,0.033
84,66.974,59,bp,0,1,0.004,0.007,4.27,4.366,-10.099,-25.638,0,0,0,0,-119.9,0.033
84,66.869,43,bp,0,1,0.001,0.001,-0.286,0.483,0.0,-36.264,0,0,0,1,-613.4,0.032
83,66.196,55,bp,0,1,0.016,0.032,16.304,7.317,-4.599,-12.609,0,0,1,1,-326.0,0.037
82,65.312,45,bp,0,1,0.033,0.061,0.689,1.664,-3.971,-12.763,0,0,0,1,-614.4,0.044
81,65.289,42,bp,0,1,0.0,0.0,12.92,16.076,-1.439,-20.585,0,0,0,1,-5977.2,0.032
80,64.117,48,bp,0,1,0.01,0.013,0.786,8.184,0.0,-33.382,0,0,0,0,-375.5,0.035
80,63.861,48,bp,0,1,0.097,0.131,2.229,0.18,-1.094,-18.431,0,0,0,0,-120.1,0.085
80,63.861,43,bp,0,1,0.002,0.004,-4.014,-1.275,-11.781,-19.976,0,0,0,1,2394.9,0.032
79,63.664,43,bp,0,1,0.003,0.007,7.279,8.826,-4.292,-18.145,0,0,0,1,2592.2,0.033
79,63.582,57,bp,0,1,0.364,0.478,15.77,20.759,-0.755,2.345,0,0,0,0,-71.5,0.614
79,63.523,55,bp,0,1,0.001,0.006,31.633,33.254,0.0,-3.731,0,0,1,1,1583.8,0.032
79,63.523,41,bp,0,1,0.027,0.039,17.329,27.366,-3.064,-0.026,0,0,0,0,4320.8,0.042
78,62.513,48,bp,0,1,0.004,0.009,3.933,5.166,0.0,-16.114,0,0,0,0,-130.1,0.033
78,62.397,52,bp,0,1,0.073,0.145,12.794,8.658,-11.64,2.446,0,0,1,1,2300.0,0.066
77,61.991,59,bp,0,1,0.056,0.097,5.678,10.545,-3.981,-23.779,1,0,1,1,-506.6,0.056
76,61.619,58,bp,0,1,0.023,0.03,12.975,8.978,-1.658,0.172,1,0,1,1,765.9,0.04
76,61.27,57,bp,0,1,0.061,0.114,7.486,10.628,0.0,-11.885,1,0,1,1,1667.5,0.059
76,60.863,57,bp,0,1,0.033,0.061,9.78,11.744,-1.149,-11.146,1,0,1,1,-1358.2,0.044
75,60.828,42,bp,0,1,0.0,0.0,12.018,-0.799,0.0,-5.97,0,1,0,0,-1516.4,0.032
75,60.619,44,bp,0,1,0.003,0.005,0.953,2.629,0.0,-22.546,0,0,0,0,-151.4,0.033
74,59.888,43,bp,0,1,0.023,0.042,-6.955,5.731,-19.505,-0.851,0,0,1,1,195.0,0.04
74,59.55,42,bp,0,1,0.028,0.055,-4.684,1.152,-0.446,-16.057,0,0,0,0,-238.0,0.042
74,59.411,42,bp,0,1,0.029,0.05,12.254,7.535,0.0,-11.366,0,0,0,0,-98.7,0.043
74,59.329,54,bp,0,1,0.01,0.019,19.249,34.916,-6.599,-14.291,1,0,1,1,2804.6,0.035
74,59.329,45,bp,0,1,0.012,0.024,-1.856,-12.105,-16.604,-5.853,0,0,1,1,360.6,0.036
73,58.958,57,bp,0,1,0.025,0.036,7.243,9.605,0.0,-13.304,1,0,1,1,-123.9,0.041
73,58.772,57,bp,0,1,0.534,0.681,4.11,-0.105,-11.57,-16.092,0,0,0,0,61.9,0.908
73,58.61,50,bp,0,1,0.409,0.528,8.288,14.66,-8.481,-6.966,0,0,0,0,-70.6,0.721
72,58.377,43,bp,0,1,0.084,0.164,1.521,13.361,-12.818,10.692,0,0,1,1,1705.6,0.074
72,58.145,55,bp,0,1,0.001,0.001,12.422,21.057,0.0,-18.099,0,0,1,1,197.8,0.032
72,57.971,55,bp,0,1,0.001,0.001,23.509,20.384,-0.302,-9.35,0,0,1,1,372.0,0.032
71,57.611,40,bp,0,1,0.001,0.002,9.679,12.315,-6.005,16.288,0,0,1,1,8462.9,0.032
69,55.845,58,bp,0,1,0.106,0.138,11.205,15.125,-6.189,-8.749,0,0,0,0,-84.1,0.092
68,54.95,45,bp,0,1,0.0,0.001,0.671,14.071,-25.525,-8.332,0,0,0,0,147.1,0.032
65,53.149,55,bp,0,1,0.001,0.002,2.593,-21.909,-11.262,-0.046,0,0,0,0,-2788.0,0.032
65,52.952,43,bp,0,1,0.018,0.033,0.748,0.374,0.0,-19.954,0,0,0,0,-182.7,0.038
64,52.162,62,bp,0,1,0.022,0.036,17.511,10.736,0.0,-10.973,1,0,1,1,217.8,0.04
63,51.557,58,bp,0,1,0.001,0.002,-1.21,-0.593,0.0,-15.429,0,0,0,0,-382.2,0.032
63,51.267,48,bp,0,1,0.018,0.02,10.897,10.639,-6.55,-5.069,0,0,0,0,-94.9,0.038
63,51.255,58,bp,0,1,0.092,0.097,17.48,13.603,0.0,-13.642,0,0,0,0,-80.3,0.081
62,50.35,67,bp,0,1,0.011,0.021,11.944,2.911,-9.972,-21.925,1,0,1,1,7628.3,0.035
62,50.35,43,bp,0,1,0.029,0.043,-0.839,-9.185,0.0,-12.43,0,0,1,1,-321.7,0.043
61,49.909,43,bp,0,1,0.011,0.013,-2.649,1.056,-2.46,-20.264,0,0,1,1,119.4,0.035
61,49.676,54,bp,0,1,0.002,0.005,29.046,34.695,-5.076,-25.717,1,0,1,1,-2546.4,0.032
61,49.605,42,bp,0,1,0.382,0.582,20.777,18.025,0.0,-2.484,0,0,0,0,69.6,0.66
60,48.688,55,bp,0,1,0.083,0.163,2.238,-1.169,-8.889,-4.208,0,0,0,0,187.8,0.074
60,48.677,67,bp,0,1,0.0,0.0,-1.191,-0.655,-6.384,-4.511,1,0,0,0,9301.4,0.032
59,48.363,55,bp,0,1,0.522,0.541,16.702,23.965,0.0,-23.263,0,0,0,0,-62.1,0.896
59,48.293,57,bp,0,1,0.016,0.019,14.321,4.907,-5.222,-4.518,1,0,1,1,1122.5,0.037
59,48.293,49,bp,0,1,0.0,0.0,17.964,19.33,-15.662,6.195,0,0,1,1,871.5,0.032
58,47.514,67,bp,0,1,0.007,0.014,20.883,24.49,-3.038,-8.658,1,0,1,1,10463.7,0.034
58,47.305,48,bp,0,1,0.003,0.036,5.641,3.644,-11.867,10.476,0,0,0,0,200.6,0.033
55,45.04,55,bp,0,1,0.001,0.002,16.517,24.788,-7.123,-10.654,1,0,1,1,2468.9,0.032
55,44.959,58,bp,0,1,0.017,0.028,1.461,-0.549,0.0,-18.869,0,0,0,0,270.1,0.038
55,44.843,46,bp+ens_low,0,1,0.146,0.273,5.837,-3.215,-8.426,-20.558,0,0,0,0,-2847.8,0.134
54,44.657,43,bp,0,1,0.005,0.01,1.112,-4.86,-6.817,0.476,0,0,0,0,-356.0,0.033
54,44.367,43,bp,0,1,0.451,0.579,7.831,14.69,0.0,-15.699,0,0,0,0,-65.7,0.801
54,44.297,59,bp,0,1,0.044,0.088,-0.089,-2.177,-8.857,-4.06,0,0,0,0,-196.1,0.05
54,44.285,55,bp,0,1,0.004,0.007,10.075,19.624,-7.492,-8.02,1,0,1,1,-2399.5,0.033
54,44.088,43,bp,0,1,0.056,0.09,-1.534,-2.483,0.0,-10.414,0,0,0,0,-176.1,0.056
53,43.413,44,bp,0,1,0.048,0.077,6.453,21.783,-9.294,-4.375,0,0,0,0,102.6,0.052
52,42.554,44,bp,0,1,0.095,0.185,1.296,0.233,0.0,-13.968,0,0,0,0,-179.3,0.083
52,42.543,48,bp,0,1,0.0,0.0,16.408,25.711,-9.404,2.52,0,0,1,1,-2040.7,0.032
51,41.997,65,bp,0,1,0.015,0.029,11.363,12.179,-10.896,-9.405,1,0,0,0,-113.0,0.037
51,41.985,58,bp,0,1,0.004,0.004,21.85,27.91,-2.811,-24.367,1,0,1,1,-2470.4,0.033
49,40.846,58,bp,0,1,0.006,0.006,21.814,26.905,-3.77,-19.37,1,0,1,1,-1331.4,0.034
48,39.848,43,bp,0,1,0.001,0.002,0.743,1.422,0.0,-18.958,0,0,0,0,-148.9,0.032
47,39.196,43,bp,0,1,0.061,0.088,-1.062,-2.601,0.0,-27.145,0,0,0,0,-286.5,0.059
47,38.802,43,bp,0,1,0.074,0.125,0.882,0.02,0.0,-26.357,0,0,0,0,108.3,0.067
46,38.523,48,bp,0,1,0.014,0.028,11.065,23.686,-13.979,12.143,0,0,1,1,1978.9,0.037
46,38.163,57,bp+ens_low,0,1,0.115,0.202,3.733,2.011,0.0,-23.468,1,0,1,1,-172.2,0.101
46,38.024,45,bp,0,1,0.015,0.026,2.454,10.671,-8.172,-8.691,0,0,1,1,153.2,0.037
45,37.78,54,bp,0,1,0.004,0.009,10.713,29.723,-8.091,-24.633,1,0,1,1,4778.0,0.033
45,37.732,57,bp,0,1,0.01,0.02,2.979,0.668,-6.628,-22.072,1,0,0,0,-134.3,0.035
45,37.616,45,bp,0,1,0.012,0.022,0.969,-0.138,-5.499,-10.69,0,0,1,1,-203.2,0.036
45,37.407,57,bp,0,1,0.059,0.087,3.381,2.513,0.0,-21.027,1,0,1,1,-118.2,0.058
45,37.198,57,bp,0,1,0.079,0.136,0.489,0.67,0.0,-20.664,0,0,0,0,90.7,0.07
43,36.107,67,bp,0,1,0.074,0.148,17.228,14.894,-12.477,-16.694,1,0,1,1,-14930.9,0.067
43,35.991,59,bp,0,1,0.011,0.095,4.913,7.374,-2.488,-20.818,1,0,0,0,502.2,0.036
43,35.852,66,bp,0,1,0.002,0.005,-1.962,2.015,-18.73,-0.691,1,0,0,0,1176.5,0.032
43,35.852,59,bp,0,1,0.006,0.011,15.133,23.433,0.0,-24.901,1,0,1,1,641.5,0.034
42,35.014,56,bp,0,1,0.003,0.004,-0.541,2.814,-1.689,-12.301,0,0,0,0,-332.3,0.033
41,34.294,59,bp,0,1,0.007,0.013,13.635,11.129,-7.411,-18.247,0,0,0,0,-99.5,0.034
41,33.911,56,bp,0,1,0.001,0.002,9.136,14.038,-10.647,-12.453,1,0,1,1,770.6,0.032
34,28.683,43,bp,0,1,0.001,0.001,12.507,7.912,-5.569,-5.274,0,0,0,0,189.0,0.032
33,28.311,43,bp,0,1,0.008,0.015,-1.854,-4.292,0.0,-18.543,0,0,0,0,-174.5,0.034
31,26.604,42,bp,0,1,0.008,0.009,13.432,6.438,0.0,-15.11,0,0,0,0,-107.5,0.034
31,26.429,42,bp,0,1,0.332,0.38,14.449,37.029,-2.713,1.087,0,0,0,0,66.6,0.531
30,25.953,43,bp,0,1,0.009,0.012,12.308,15.374,0.0,-11.465,0,0,0,0,1772.6,0.035
30,25.708,52,bp,0,1,0.004,0.006,5.004,13.288,-11.304,-9.185,0,0,1,1,-305.3,0.033
30,25.499,48,bp,0,1,0.117,0.146,13.515,12.627,0.0,-10.948,0,0,0,0,-88.3,0.103
29,25.139,47,bp,0,1,0.009,0.01,6.55,6.229,-1.084,-12.492,0,0,0,0,-113.4,0.035
29,25.035,59,bp,0,1,0.027,0.032,13.546,10.203,-0.668,-10.195,1,0,1,1,-526.9,0.042
29,24.663,58,bp,0,1,0.061,0.098,16.537,9.219,0.0,-9.402,1,0,1,1,746.6,0.059
27,23.862,57,bp,0,1,0.006,0.009,15.844,14.618,-1.243,-16.448,1,0,1,1,-1354.3,0.034
27,23.35,43,bp,0,1,0.004,0.008,-0.568,-1.777,0.0,-20.109,0,0,1,1,-288.2,0.033
26,22.526,42,bp,0,1,0.042,0.084,-5.66,0.001,0.0,-8.63,0,0,0,0,-219.9,0.049
26,22.514,54,bp,0,1,0.061,0.077,0.693,1.787,-3.422,-9.789,1,0,0,0,2636.7,0.059
26,22.514,45,bp,0,1,0.028,0.045,7.154,10.758,-14.854,0.53,0,0,1,1,166.7,0.042
26,22.375,42,bp,0,1,0.298,0.397,15.258,16.811,0.0,-22.793,0,0,0,0,-68.9,0.441
25,22.305,57,bp,0,1,0.011,0.013,-0.779,-1.854,-8.684,-14.324,1,0,0,0,-166.3,0.035
25,22.305,45,bp,0,1,0.004,0.007,5.1,-5.578,-11.202,-16.586,0,0,0,0,-349.3,0.033
25,22.294,54,bp+ens_low,0,1,0.135,0.253,15.598,28.644,-4.98,-24.318,1,0,1,1,2857.3,0.122
25,21.945,54,bp,0,1,0.001,0.002,4.009,6.562,-14.631,3.911,0,0,0,0,3205.6,0.032
22,19.621,52,bp,0,1,0.005,0.009,13.561,27.16,0.0,-2.518,1,0,1,1,988.2,0.033
21,18.994,43,bp,0,1,0.053,0.071,9.808,7.438,0.0,-22.299,0,0,0,0,-93.9,0.054
21,18.901,58,bp,0,1,0.098,0.112,10.219,8.342,-12.603,-9.96,0,0,0,0,-85.0,0.086
21,18.82,43,bp,0,1,0.208,0.262,3.604,-0.658,-1.689,-11.981,0,0,0,0,80.3,0.232
20,17.926,42,bp,0,1,0.015,0.029,14.65,12.599,-2.036,-14.314,0,0,1,1,4380.2,0.037
18,16.636,55,bp,0,1,0.001,0.003,26.297,25.479,-5.122,-16.216,1,0,1,1,192.2,0.032
17,15.88,58,bp,0,1,0.044,0.084,2.444,6.333,-12.937,-6.155,0,0,0,0,-116.8,0.05
16,15.299,62,bp,0,1,0.034,0.068,5.639,-0.131,-3.582,-9.908,1,0,1,1,173.7,0.045
16,15.137,50,bp,0,1,0.011,0.014,0.651,1.026,0.0,-12.301,0,0,0,0,162.2,0.036
15,14.533,55,bp,0,1,0.018,0.033,20.498,19.592,-4.857,-9.566,0,0,1,1,-2246.1,0.038
14,13.429,48,bp,0,1,0.016,0.027,4.945,-2.584,-3.083,-13.405,0,0,0,0,-240.8,0.037
14,13.336,60,bp,0,1,0.001,0.001,1.76,-0.89,0.0,-27.598,1,0,0,0,-144.0,0.032
13,13.104,55,bp,0,1,0.005,0.007,-5.428,-1.178,-3.575,-3.319,0,0,0,0,-816.8,0.033
13,12.918,47,bp,0,1,0.012,0.022,5.673,5.712,-2.479,-20.507,0,0,0,0,-109.0,0.036
12,12.407,58,bp+ens_low,0,1,0.164,0.297,15.301,19.119,0.0,-19.488,1,0,1,1,782.8,0.159
12,11.954,43,bp,0,1,0.009,0.014,13.988,6.485,-2.232,-4.562,0,0,0,0,-1086.4,0.035
12,11.651,57,bp,0,1,0.019,0.03,16.758,14.007,-2.301,-14.41,1,0,1,1,384.8,0.039
11,11.036,55,bp,0,1,0.098,0.152,-3.022,1.359,-11.424,-23.319,1,0,0,0,88.1,0.086
11,11.024,43,bp,0,1,0.002,0.002,0.896,-0.984,0.0,-19.43,0,0,0,0,-156.3,0.032
10,10.862,55,bp,0,1,0.014,0.02,-0.07,-2.464,-8.053,-12.468,1,0,1,1,-193.7,0.037
10,10.699,43,bp,0,1,0.002,0.004,-3.212,2.496,-23.662,-0.108,0,0,1,1,168.8,0.032
10,10.328,45,bp,0,1,0.007,0.013,2.755,5.576,-15.898,-11.484,0,0,1,1,154.3,0.034
10,10.27,42,bp,0,1,0.012,0.023,0.326,0.661,0.0,-16.423,0,0,0,0,-152.6,0.036
10,10.119,54,bp,0,1,0.028,0.052,16.432,29.627,-6.049,-22.904,1,0,1,1,2812.3,0.042
9,9.956,45,bp,0,1,0.003,0.005,1.406,-2.406,-4.122,-10.567,0,0,1,1,-199.2,0.033
9,9.932,54,bp,0,1,0.007,0.011,12.983,13.042,-5.058,-6.988,0,0,0,0,2999.3,0.034
8,8.771,58,bp,0,1,0.014,0.028,8.312,-2.229,-10.439,4.622,0,0,0,0,187.3,0.037
8,8.585,52,bp,0,1,0.004,0.006,-1.457,1.663,0.0,-23.013,0,0,0,0,-200.9,0.033
7,7.993,65,bp,0,1,0.004,0.006,23.119,46.827,-18.923,0.683,1,0,1,1,-2288.8,0.033
5,6.865,43,bp+ens_low,0,1,0.116,0.231,0.643,0.329,0.0,-15.478,0,0,0,0,-196.3,0.101
5,6.668,55,bp,0,1,0.007,0.013,18.216,8.825,-5.44,-11.98,1,0,1,1,-1302.0,0.034
4,6.076,58,bp,0,1,0.002,0.004,-1.509,-1.925,-7.655,-21.324,0,0,0,0,197.1,0.032
4,5.935,60,bp,0,1,0.006,0.012,-0.106,-1.059,-2.292,-9.302,0,0,0,0,-230.3,0.034
4,5.715,48,bp,0,1,0.068,0.135,14.586,13.587,-8.872,0.777,0,0,1,1,1344.3,0.063
3,5.076,53,bp,0,1,0.007,0.011,6.576,-7.428,-20.243,5.943,0,0,1,1,1198.9,0.034
2,4.565,43,bp,0,1,0.014,0.023,-4.051,-9.695,-1.729,-15.929,0,0,1,1,-175.3,0.037
2,4.38,55,bp,0,1,0.005,0.01,21.062,33.038,-8.965,-6.769,1,0,1,1,191.5,0.034
2,4.275,58,bp,0,1,0.292,0.378,11.451,16.022,0.0,-15.193,0,0,0,0,-72.0,0.426
1,4.008,58,bp,0,1,0.003,0.004,-3.828,-0.821,-2.173,-22.561,0,0,0,0,-182.0,0.033
1,3.833,42,bp,0,1,0.003,0.006,2.47,-7.72,0.0,-9.362,0,0,0,0,6284.4,0.033
1,3.67,58,bp,0,1,0.051,0.101,4.964,6.722,-8.581,-13.039,0,0,0,0,-114.0,0.053
110,87.41,43,bp,0,1,0.096,0.16,0.412,0.235,-10.148,12.048,0,0,0,0,91.0,0.084
48,39.556,43,bp,0,1,0.01,0.018,8.361,-13.959,-7.331,-12.024,0,0,0,0,142.6,0.035
114,90.476,43,bp,0,1,0.006,0.011,3.674,7.113,-12.114,-12.759,0,0,0,0,121.7,0.034
73,59.248,42,bp,0,1,0.438,0.587,21.237,8.552,-1.677,-1.54,0,0,0,0,63.9,0.779
126,99.131,54,bp,0,1,0.076,0.109,9.409,-10.313,-1.049,-11.057,0,0,0,0,84.2,0.068
58,47.619,59,bp,0,1,0.005,0.005,10.049,5.862,-2.939,-19.801,0,0,0,0,2743.2,0.033
142,111.83,52,bp,0,1,0.099,0.197,3.669,10.464,-22.445,4.933,0,0,1,1,-4674.5,0.086
77,62.06,54,bp,0,1,0.128,0.21,5.234,-8.335,-2.235,-7.314,0,0,0,0,73.7,0.114
66,53.404,43,bp,0,1,0.001,0.002,3.051,9.89,-12.348,-5.836,0,0,0,0,144.6,0.032
29,24.698,53,bp,0,1,0.418,0.459,-6.016,0.444,-19.468,-6.696,0,0,0,0,67.8,0.739
77,61.677,53,bp,0,1,0.351,0.476,6.229,0.468,-14.663,2.428,0,0,0,0,64.8,0.58
36,30.658,58,bp,0,1,0.046,0.152,18.686,1.396,-2.225,-22.767,0,1,0,0,144.0,0.051
50,41.241,58,bp+ens_low,0,1,0.185,0.201,16.49,-0.177,-16.231,0.646,0,1,0,0,-1726.1,0.191
125,99.061,59,bp,0,1,0.055,0.072,11.735,6.531,0.0,-7.632,0,0,1,1,254.8,0.056
13,12.593,62,bp,0,1,0.478,0.597,-1.34,22.591,-19.885,-19.778,0,0,0,0,66.1,0.843
89,70.715,40,bp,0,1,0.001,0.001,0.621,-3.879,-5.756,-24.627,0,0,0,0,-1326.9,0.032
139,109.553,62,bp,0,1,0.013,0.02,8.292,13.166,-28.177,-3.535,1,0,0,0,165.3,0.036
98,77.976,60,bp,0,1,0.004,0.004,-1.461,6.902,-9.062,10.836,1,0,1,1,171.8,0.033
47,39.011,65,bp,0,1,0.022,0.042,3.295,-0.98,-17.202,-4.12,1,0,0,0,98.3,0.04
155,121.797,56,bp,0,1,0.007,0.011,15.738,22.215,-8.352,-2.036,1,0,1,1,-994.3,0.034
96,76.466,67,bp,0,1,0.0,0.0,0.167,4.138,-19.597,-9.345,1,0,0,0,-9612.7,0.032
4,5.819,42,bp,0,1,0.0,0.0,9.009,3.221,-6.236,2.013,0,0,0,0,4297.8,0.032
9,9.769,54,bp,0,1,0.001,0.002,10.591,10.699,-9.452,-1.383,0,0,0,0,3161.9,0.032
63,51.279,46,bp,0,1,0.0,0.0,6.667,-8.063,-14.769,3.198,0,0,0,0,-3195.5,0.032
25,22.305,50,bp,0,1,0.03,0.041,2.246,-2.074,-16.733,-3.291,0,0,0,0,201.7,0.043
14,13.591,40,bp,0,1,0.001,0.001,18.334,4.735,-4.318,5.742,0,1,0,0,6049.6,0.032
81,65.138,61,bp,0,1,0.014,0.027,4.451,4.166,-23.743,-13.836,0,0,0,0,172.8,0.036
25,21.805,54,bp,0,1,0.002,0.009,18.863,5.705,-9.921,-7.507,0,1,1,1,3346.2,0.032
36,30.693,55,bp,0,1,0.019,0.036,10.438,-13.256,-0.081,-24.997,0,0,0,0,-1131.8,0.038
1,3.83,46,ens_low,0,0,0.127,0.133,4.181,19.03,-19.433,1.124,0,0,1,1,8598.2,0.113
2,4.76,57,ens_low,0,0,0.112,0.178,4.65,-4.363,-14.841,2.653,0,0,0,0,292.6,0.097
3,5.05,41,ens_low,0,0,0.145,0.207,4.234,-18.899,-0.345,-9.681,0,0,0,1,108.6,0.134
3,5.358,64,ens_low,0,0,0.13,0.258,6.204,4.61,-13.82,3.168,0,0,0,0,7831.9,0.116
4,5.705,57,ens_low,0,0,0.227,0.3,17.003,20.878,-13.513,-5.996,0,0,0,0,-652.4,0.271
5,6.868,53,ens_low,0,0,0.108,0.188,6.355,-9.587,-19.555,-4.96,0,0,0,0,-303.5,0.094
5,6.868,41,ens_low,0,0,0.145,0.289,10.515,6.295,-5.696,-10.622,0,0,0,0,-1708.6,0.133
6,7.237,64,ens_low,0,0,0.121,0.204,20.331,28.225,-17.572,6.745,1,0,1,1,5952.8,0.107
6,7.245,65,ens_low,0,0,0.177,0.257,16.424,27.205,-20.735,10.315,0,0,0,0,-1541.3,0.178
6,7.606,65,ens_low,0,0,0.116,0.19,9.342,12.289,-16.696,11.167,0,0,0,0,-1902.1,0.101
9,9.542,50,ens_low,0,0,0.125,0.345,1.012,0.894,-5.065,-16.563,0,0,0,0,92.8,0.111
9,9.548,66,ens_low,0,0,0.122,0.229,0.085,-2.848,-10.731,-15.328,0,0,0,0,90.8,0.107
9,9.949,66,ens_low,0,0,0.117,0.162,4.27,12.858,-18.967,8.739,0,0,0,0,-309.6,0.102
10,10.303,50,ens_low,0,0,0.109,0.214,8.482,11.704,-14.438,1.236,0,0,0,0,-668.1,0.095
13,13.182,53,ens_low,0,0,0.112,0.223,8.21,-14.813,-6.725,-5.087,0,0,0,0,-626.5,0.097
14,13.761,67,ens_low,0,0,0.106,0.147,24.894,27.952,-15.443,-0.148,0,0,0,0,395.0,0.092
18,17.006,60,ens_low,0,0,0.141,0.29,11.666,5.243,-5.893,-12.358,0,0,0,0,279.4,0.128
20,18.325,65,ens_low,0,0,0.143,0.284,-0.773,-2.016,-18.663,-13.893,0,0,0,0,-360.9,0.131
20,18.326,59,ens_low,0,0,0.129,0.238,3.018,0.898,-11.114,-19.164,0,0,0,0,-744.6,0.114
20,18.33,58,ens_low,0,0,0.175,0.278,-5.007,-2.735,-14.372,-14.97,0,0,0,0,185.3,0.175
23,20.797,40,ens_low,0,0,0.107,0.211,1.28,10.692,-5.701,5.686,0,0,1,1,-1155.8,0.093
24,21.362,50,ens_low,0,0,0.106,0.178,-1.378,3.032,-9.106,9.418,0,0,0,0,197.5,0.092
25,21.961,57,ens_low,0,0,0.123,0.231,5.78,0.53,0.0,-12.904,1,0,1,1,-118.7,0.108
26,22.681,57,ens_low,0,0,0.117,0.231,-0.305,0.105,-7.576,-5.794,1,0,1,1,-173.3,0.102
26,22.865,45,ens_low,0,0,0.133,0.266,-0.394,2.477,-9.926,-17.385,0,0,0,0,-183.7,0.119
30,25.693,60,ens_low,0,0,0.143,0.274,-6.163,-4.304,-9.521,-9.162,1,0,0,0,-281.2,0.131
30,25.969,53,ens_low,0,0,0.127,0.247,2.232,0.265,-14.816,-1.591,0,0,1,1,-1202.5,0.113
31,26.497,54,ens_low,0,0,0.139,0.264,38.005,53.953,-0.628,-8.679,1,0,1,1,-1345.8,0.126
34,29.08,60,ens_low,0,0,0.107,0.255,13.907,11.768,-10.481,-16.92,0,0,0,0,182.2,0.093
34,29.085,48,ens_low,0,0,0.115,0.146,6.105,17.906,-7.91,3.024,0,0,0,0,-582.7,0.101
36,30.413,53,ens_low,0,0,0.142,0.298,10.644,22.243,-8.599,-3.996,0,0,0,0,387.5,0.13
40,33.63,57,ens_low,0,0,0.118,0.217,8.692,-15.696,-25.249,-15.212,0,0,0,0,-292.4,0.104
41,34.486,44,ens_low,0,0,0.15,0.298,-0.047,-7.375,0.0,-13.965,0,0,0,0,-191.2,0.139
41,34.677,59,ens_low,0,0,0.118,0.23,-3.634,-2.897,-13.259,-23.745,1,0,0,0,-190.9,0.103
44,36.866,57,ens_low,0,0,0.134,0.24,14.775,8.666,-9.558,-14.78,0,0,0,0,159.5,0.12
44,36.87,45,ens_low,0,0,0.111,0.192,13.418,-5.643,-8.972,-23.226,0,1,0,0,542.8,0.097
46,38.333,57,ens_low,0,0,0.11,0.159,-3.621,-1.878,-6.445,-28.311,1,0,0,0,192.7,0.096
47,38.911,53,ens_low,0,0,0.137,0.239,8.111,3.557,-8.122,-6.046,0,0,0,0,-106.3,0.124
47,39.119,55,ens_low,0,0,0.116,0.164,-0.597,1.776,-12.293,-5.939,1,0,0,0,-771.1,0.101
48,39.51,41,ens_low,0,0,0.104,0.178,16.574,6.79,-4.757,2.103,0,1,0,0,571.3,0.091
48,39.513,53,ens_low,0,0,0.135,0.137,18.779,13.025,-4.366,0.882,0,0,0,0,-708.5,0.121
49,40.663,55,ens_low,0,0,0.142,0.276,15.55,14.145,-3.921,-13.891,0,0,0,0,365.7,0.13
50,41.042,46,ens_low,0,0,0.137,0.271,1.859,0.806,-3.684,-13.347,0,0,0,0,-178.0,0.123
50,41.418,59,ens_low,0,0,0.109,0.214,3.747,-0.57,-14.935,-18.069,0,0,0,0,1715.3,0.095
51,42.371,68,ens_low,0,0,0.137,0.274,10.695,18.184,-18.583,-15.304,1,0,0,1,15222.3,0.124
53,43.517,53,ens_low,0,0,0.168,0.292,12.151,10.686,-11.654,-8.37,0,0,0,0,-100.9,0.164
56,45.957,40,ens_low,0,0,0.132,0.228,5.868,-2.644,-11.633,-2.311,0,0,0,0,-10888.3,0.118
56,46.172,54,ens_low,0,0,0.149,0.288,12.13,2.039,-5.947,-7.056,1,1,1,1,957.7,0.139
59,47.893,53,ens_low,0,0,0.165,0.259,20.176,17.692,-0.799,-23.237,0,0,0,0,2275.9,0.16
59,48.069,43,ens_low,0,0,0.109,0.214,-0.474,-4.169,-13.018,-32.295,0,0,0,0,1959.3,0.095
61,49.915,48,ens_low,0,0,0.113,0.223,9.461,16.897,-20.027,-9.559,0,0,1,1,720.4,0.098
62,50.162,43,ens_low,0,0,0.116,0.22,4.093,1.709,0.0,-31.519,0,0,0,0,-133.6,0.101
66,53.752,41,ens_low,0,0,0.129,0.238,6.991,8.418,-1.638,-7.368,0,0,0,0,-12525.3,0.115
66,53.93,41,ens_low,0,0,0.168,0.27,-4.386,9.527,-5.665,4.209,0,0,0,1,-12703.4,0.164
68,54.897,53,ens_low,0,0,0.11,0.167,24.284,32.166,-4.715,-7.032,0,0,1,1,568.6,0.095
68,55.284,59,ens_low,0,0,0.163,0.209,19.59,-0.024,-6.416,-23.94,0,1,0,0,-774.8,0.157
69,56.047,41,ens_low,0,0,0.143,0.257,0.501,4.151,-4.881,-13.59,0,0,0,0,11797.2,0.131
69,56.235,58,ens_low,0,0,0.139,0.272,-3.74,-0.145,-12.699,-14.072,0,0,0,0,-187.3,0.126
71,57.208,41,ens_low,0,0,0.103,0.205,8.593,29.923,-9.554,8.299,0,0,1,1,10636.0,0.089
71,57.594,53,ens_low,0,0,0.111,0.282,1.609,-1.804,-0.462,-1.136,0,0,0,0,-195.5,0.097
72,58.342,50,ens_low,0,0,0.192,0.283,5.452,-1.72,-8.687,8.668,0,0,0,0,196.7,0.202
74,59.691,57,ens_low,0,0,0.123,0.241,4.115,-0.851,0.0,-10.565,1,0,1,1,-185.7,0.108
74,59.871,45,ens_low,0,0,0.13,0.256,-1.428,-4.982,-11.912,-18.159,0,0,0,0,-181.4,0.116
75,60.241,60,ens_low,0,0,0.13,0.142,9.176,3.691,-29.969,-1.212,0,0,0,0,-734.7,0.116
75,60.718,62,ens_low,0,0,0.137,0.16,14.101,2.057,-17.955,-17.459,0,1,0,0,1123.5,0.124
75,60.719,53,ens_low,0,0,0.117,0.148,5.271,8.599,-6.23,-18.747,0,0,0,0,-111.6,0.102
76,61.379,40,ens_low,0,0,0.152,0.298,-3.176,2.885,-9.85,9.931,0,0,0,0,4694.6,0.142
77,62.145,42,ens_low,0,0,0.102,0.193,8.14,14.357,-7.068,-14.894,0,0,1,1,-2833.1,0.088
81,64.699,57,ens_low,0,0,0.146,0.269,21.871,28.795,-9.695,0.309,1,0,1,1,-599.6,0.135
84,67.638,57,ens_low,0,0,0.112,0.223,21.326,28.92,-11.0,-24.585,0,0,0,0,796.3,0.097
96,76.413,57,ens_low,0,0,0.122,0.211,2.241,8.085,-10.574,-2.566,0,0,0,0,-387.6,0.107
96,76.623,62,ens_low,0,0,0.134,0.266,3.439,-4.177,-35.463,15.784,1,0,0,0,399.2,0.121
97,76.899,50,ens_low,0,0,0.202,0.21,18.106,9.978,-13.732,-24.833,0,0,0,0,119.3,0.22
99,78.876,48,ens_low,0,0,0.103,0.196,-1.259,0.492,-1.888,-24.135,0,0,1,1,-156.5,0.089
99,79.009,53,ens_low,0,0,0.137,0.15,16.441,0.481,-5.191,-32.642,0,1,0,0,-288.1,0.124
99,79.01,60,ens_low,0,0,0.235,0.261,2.475,-0.52,-11.904,-20.985,1,0,0,0,-134.6,0.288
99,79.022,55,ens_low,0,0,0.125,0.131,11.982,8.125,0.0,-37.755,0,0,0,0,-484.3,0.11
100,79.28,65,ens_low,0,0,0.131,0.259,12.371,13.885,-26.595,6.301,0,0,0,0,3999.4,0.117
100,79.28,53,ens_low,0,0,0.17,0.253,13.453,8.926,-13.57,-17.472,0,0,0,0,365.3,0.167
100,79.639,65,ens_low,0,0,0.12,0.222,16.874,35.216,-21.665,1.409,1,0,1,1,3640.0,0.105
101,80.032,48,ens_low,0,0,0.148,0.274,-6.284,9.807,-14.607,-8.896,0,0,0,0,204.4,0.137
102,81.19,48,ens_low,0,0,0.113,0.226,-2.782,-3.103,-1.464,-22.258,0,0,0,0,-183.3,0.099
104,82.341,60,ens_low,0,0,0.138,0.251,13.727,17.885,-20.43,-19.011,0,0,0,0,-2698.2,0.125
104,82.349,48,ens_low,0,0,0.211,0.228,5.895,15.508,-21.397,0.919,0,0,0,0,187.0,0.237
104,82.53,58,ens_low,0,0,0.127,0.254,1.507,-7.065,-15.093,-0.738,0,0,0,0,-188.1,0.113
105,83.1,67,ens_low,0,0,0.12,0.233,17.962,5.087,-15.382,-7.345,1,1,1,1,3054.1,0.105
105,83.28,67,ens_low,0,0,0.149,0.295,-3.109,-10.433,-13.507,4.03,1,0,0,0,2873.9,0.139
105,83.439,61,ens_low,0,0,0.125,0.19,1.843,0.367,-0.425,-16.063,0,0,0,0,117.0,0.11
106,83.851,49,ens_low,0,0,0.191,0.202,8.418,16.599,-23.316,-2.496,0,0,1,1,28929.1,0.201
107,85.079,48,ens_low,0,0,0.103,0.201,-5.456,4.89,-12.573,0.078,0,0,0,0,-270.8,0.089
107,85.195,67,ens_low,0,0,0.101,0.152,8.65,-0.641,-21.022,-5.766,1,0,0,1,959.4,0.087
115,90.802,50,ens_low,0,0,0.205,0.22,17.205,11.766,-14.331,-5.392,0,0,1,1,949.9,0.226
116,91.561,43,ens_low,0,0,0.138,0.193,-3.583,11.83,-11.813,-11.552,0,0,0,0,946.2,0.124
116,91.562,50,ens_low,0,0,0.125,0.146,19.398,8.631,-8.395,-1.818,0,1,0,0,189.5,0.111
116,91.933,57,ens_low,0,0,0.162,0.294,18.412,21.261,-8.735,-7.991,0,0,0,0,-669.0,0.155
119,93.845,65,ens_low,0,0,0.101,0.192,3.584,11.956,-24.426,11.505,0,0,0,0,-1911.5,0.088
121,95.214,51,ens_low,0,0,0.115,0.219,-1.006,2.006,0.0,-22.405,0,0,0,0,-188.0,0.101
121,95.6,57,ens_low,0,0,0.126,0.248,3.174,7.974,-4.849,2.263,0,0,0,0,270.6,0.112
121,95.879,66,ens_low,0,0,0.116,0.227,0.598,0.514,-10.195,-9.032,0,0,0,0,-277.4,0.101
122,96.358,50,ens_low,0,0,0.13,0.204,1.987,3.558,-14.887,-7.842,0,0,0,0,-173.5,0.116
123,97.148,50,ens_low,0,0,0.104,0.187,8.903,26.146,-15.726,3.59,0,0,0,0,-577.8,0.091
123,97.155,55,ens_low,0,0,0.115,0.199,-6.709,-4.453,-16.869,-5.4,1,0,1,1,-211.4,0.1
124,97.791,55,ens_low,0,0,0.127,0.191,6.777,-2.343,-7.157,-22.935,0,0,0,0,395.8,0.112
125,98.475,60,ens_low,0,0,0.114,0.22,0.056,5.014,-19.153,-7.108,0,0,0,0,-296.7,0.099
125,98.587,60,ens_low,0,0,0.117,0.231,23.438,25.221,-6.79,-27.084,0,0,0,0,-408.5,0.102
125,98.962,57,ens_low,0,0,0.118,0.134,7.8,-3.285,-3.93,-24.531,0,0,0,0,-1032.0,0.104
125,98.962,58,ens_low,0,0,0.112,0.131,2.962,-1.983,-5.71,-25.138,1,0,0,0,509.7,0.098
128,100.827,41,ens_low,0,0,0.139,0.269,12.648,20.397,-0.778,1.863,0,0,0,0,2883.3,0.126
129,101.76,53,ens_low,0,0,0.231,0.289,7.204,1.762,-12.492,-9.69,0,0,1,1,292.8,0.279
129,101.912,50,ens_low,0,0,0.122,0.198,11.554,0.161,-13.812,-16.263,0,0,0,0,-344.9,0.108
131,103.311,48,ens_low,0,0,0.199,0.203,9.246,18.93,-8.499,5.644,0,0,1,1,-758.0,0.215
131,103.324,59,ens_low,0,0,0.118,0.148,1.07,0.156,-9.427,-20.383,0,0,0,0,-190.6,0.104
131,103.437,43,ens_low,0,0,0.1,0.19,-2.115,-6.981,-4.047,-25.13,0,0,0,0,-503.0,0.087
132,104.28,57,ens_low,0,0,0.16,0.277,19.653,19.122,-9.607,-15.094,0,0,0,0,-682.9,0.152
133,104.644,65,ens_low,0,0,0.129,0.241,11.677,-1.443,-6.658,-24.881,1,0,0,0,-753.3,0.115
135,106.166,64,ens_low,0,0,0.11,0.162,3.592,10.172,-10.525,-6.475,0,0,0,0,1562.5,0.096
135,106.173,65,ens_low,0,0,0.151,0.207,6.46,15.089,-11.501,-1.789,0,0,0,0,-2282.3,0.141
135,106.583,41,ens_low,0,0,0.155,0.166,13.625,38.202,-13.969,9.83,0,0,1,1,-2873.1,0.146
136,107.351,63,ens_low,0,0,0.114,0.227,0.55,5.992,-10.528,-13.0,1,0,1,1,-577.9,0.1
136,107.537,63,ens_low,0,0,0.138,0.274,4.576,3.432,-9.037,-11.964,1,0,1,1,-764.1,0.125
136,107.538,64,ens_low,0,0,0.134,0.267,5.329,3.25,-11.258,-3.538,0,0,0,0,189.8,0.12
138,108.315,50,ens_low,0,0,0.184,0.268,0.238,2.254,-10.187,8.146,0,0,0,0,-109.9,0.19
138,108.509,57,ens_low,0,0,0.274,0.289,-2.631,-3.117,0.0,-15.171,1,0,0,0,-302.1,0.38
138,108.513,62,ens_low,0,0,0.125,0.225,2.858,3.315,-10.226,-15.942,1,0,0,0,1205.1,0.111
138,108.686,50,ens_low,0,0,0.109,0.114,5.62,-6.498,-13.419,-3.407,0,0,0,0,-481.2,0.095
138,108.879,62,ens_low,0,0,0.111,0.222,6.737,-0.719,-22.862,-7.363,0,0,0,0,839.1,0.097
138,108.977,50,ens_low,0,0,0.158,0.251,2.218,-11.737,-13.361,-13.009,0,0,0,0,-772.3,0.15
140,109.988,68,ens_low,0,0,0.15,0.299,5.554,7.617,-16.898,-7.924,1,0,0,0,-2829.5,0.139
140,110.017,58,ens_low,0,0,0.171,0.207,1.582,-3.34,-21.266,3.299,0,0,0,0,-298.9,0.169
140,110.124,41,ens_low,0,0,0.101,0.182,11.09,8.27,-10.547,3.163,0,0,0,0,-6414.1,0.088
140,110.514,55,ens_low,0,0,0.106,0.113,18.73,2.681,-9.158,-10.804,0,1,0,0,363.2,0.092
141,111.38,66,ens_low,0,0,0.127,0.254,3.109,1.298,-19.698,-2.016,1,0,0,0,-2867.1,0.113
143,112.375,56,ens_low,0,0,0.177,0.291,10.462,16.992,-5.377,-0.408,0,0,0,0,-1137.0,0.178
146,114.679,47,ens_low,0,0,0.148,0.265,5.805,13.404,-9.539,-1.726,0,0,0,0,-3291.6,0.137
146,114.681,59,ens_low,0,0,0.118,0.19,2.727,1.55,-5.245,-24.152,0,0,0,0,-284.8,0.103
147,115.463,49,ens_low,0,0,0.155,0.288,8.754,21.178,-20.749,-9.324,0,0,0,0,-587.1,0.146
147,115.472,61,ens_low,0,0,0.137,0.231,21.652,25.414,-14.235,-17.702,0,0,0,0,179.4,0.123
147,115.908,42,ens_low,0,0,0.198,0.249,-5.196,-7.368,-10.8,-10.017,0,0,1,1,105.4,0.213
148,116.203,58,ens_low,0,0,0.211,0.252,-2.84,-0.267,-14.699,-5.769,0,0,0,0,-292.5,0.238
148,116.203,54,ens_low,0,0,0.17,0.239,10.361,5.395,-5.641,-20.396,1,0,0,0,-292.6,0.167
148,116.203,61,ens_low,0,0,0.129,0.225,-0.057,-2.182,-19.379,-9.301,1,0,0,0,-291.7,0.115
150,117.553,63,ens_low,0,0,0.109,0.213,5.135,2.883,-16.503,-7.728,1,0,0,0,-122.3,0.095
150,117.723,40,ens_low,0,0,0.154,0.208,5.835,17.269,-12.473,5.437,0,0,0,0,-48334.9,0.145
150,117.913,53,ens_low,0,0,0.13,0.228,4.473,3.604,-6.528,-19.793,0,0,0,0,176.9,0.116
151,118.479,64,ens_low,0,0,0.119,0.237,12.25,3.048,-24.168,6.529,0,0,0,0,406.5,0.104
151,118.881,42,ens_low,0,0,0.133,0.263,11.178,12.07,-16.096,7.895,0,0,1,1,-395.5,0.12
155,122.043,61,ens_low,0,0,0.139,0.159,27.314,19.636,-13.593,-10.276,0,0,0,0,360.0,0.126
157,123.157,53,ens_low,0,0,0.122,0.129,4.968,1.871,-3.023,-1.652,0,0,0,0,-110.3,0.108
157,123.166,58,ens_low,0,0,0.113,0.19,-3.747,-4.517,-4.262,1.5,1,0,0,0,-129.1,0.099
160,125.312,54,ens_low,0,0,0.148,0.24,6.485,13.513,-8.526,-10.143,1,0,0,0,-112.6,0.137
160,125.324,61,ens_low,0,0,0.122,0.23,4.351,7.364,-16.565,-7.467,1,0,1,1,1142.0,0.108
160,125.721,49,ens_low,0,0,0.144,0.277,-4.233,-1.872,-17.478,-12.058,0,0,0,0,92.8,0.132
161,125.992,61,ens_low,0,0,0.129,0.249,8.243,4.697,-13.651,-29.363,1,0,1,1,474.1,0.114
161,126.097,54,ens_low,0,0,0.133,0.224,7.985,5.261,0.0,-28.776,1,0,0,0,-99.3,0.119
161,126.099,42,ens_low,0,0,0.103,0.188,1.484,3.776,-7.529,-21.846,0,0,0,0,-906.5,0.09
161,126.278,54,ens_low,0,0,0.101,0.197,4.669,0.545,-3.406,-30.474,1,0,0,0,-280.0,0.087
161,126.559,49,ens_low,0,0,0.122,0.235,-0.955,2.643,-15.707,-20.809,0,0,0,0,356.4,0.108
161,126.63,61,ens_low,0,0,0.155,0.286,0.121,5.925,-17.659,-30.703,1,0,0,0,-163.6,0.146
161,126.715,49,ens_low,0,0,0.111,0.214,-0.917,-0.124,-17.862,-22.641,0,0,0,0,200.5,0.096
162,126.825,49,ens_low,0,0,0.14,0.245,4.921,2.086,-13.145,-27.596,0,0,0,0,89.6,0.127
162,127.01,42,ens_low,0,0,0.149,0.238,3.759,-4.119,-5.719,-17.264,0,0,0,0,433.5,0.139
