category,clip,hard,leak_bass_db,leak_drums_db,leak_electric_clean_db,leak_electric_dist_db,leak_electric_guitar_db,leak_keys_db,leak_percussion_db,leak_piano_db,leak_plucked_other_db,leak_strings_db,leak_synth_db,leak_violin_db,leak_vocals_db,leak_winds_db,leakage_db,mrstft,sar_bss,sdr,sdr_bss,sdr_mix,sdri,si_sdr,sir_bss,target_retention
multitrack,ms_Adam_Buckley_Drag_me_Down_0,1,-23.780347622399823,-26.53320272746788,,,-15.107245892678993,,,-17.67182290009945,,,-17.905098816321473,,-21.592559156075946,,-8.27043776064025,2.347651794503316,3.9842162020277883,3.17270206638283,-1.1566076806474257,-7.429916100008195,10.602618166391025,-1.7067932087919513,2.0681675377306057,0.39201148272501213
multitrack,ms_Andres_Guazzelli_Attention_0,1,-22.624635152912134,-14.327189833551877,,,-4.901570147687875,-17.056946302096442,,-11.131510912730327,,,-9.877120595466854,,,,-0.816165725077368,2.8722160072167298,1.44517739038346,-1.5514266187187786,-15.076651681630501,-9.763802590754409,8.21237597203563,-16.646948641049985,-12.624486862296799,0.062111766413041586
multitrack,ms_Bolz_Knecht_Summertime_0,1,,,,,,,,,,,,,,-24.606639979649533,-22.62642782659547,0.9278894154388283,8.659302449638995,6.949261540568967,8.209337616800461,1.2290715751087822,5.720189965460185,5.205658384577668,18.945620528789604,0.6230769453572691
multitrack,ms_Bolz_Knecht_Summertime_1,1,,,,,,,,,,,,,,-19.081126251314146,-17.526603297850716,1.1445296342089086,6.0920897870302735,7.259192808104746,4.974827336258434,-0.19617045539944142,7.4553632635041875,3.1649982264213135,16.49870468723885,0.6778739363779565
multitrack,ms_Catfolkin_Sant_Jordi_v2_0_0,1,-17.242518256663928,-18.16643154241757,,,-4.434724359262312,-15.03675146146259,,,,-13.196125215054789,,,-16.739927887640405,-21.645408628898476,-4.755740387741122,1.8680641948931676,3.826624527297919,-0.31371126411165245,-6.452965396948382,-7.842762113064187,7.529050848952535,-6.986866991333812,-4.28663148979127,0.646556554637206
multitrack,ms_Catfolkin_Sant_Jordi_v2_0_1,1,-19.97665286088524,-17.618463628961546,,,-6.7978530128631665,-14.786522665682792,,,,-20.585321791235145,,,-16.22209376440043,-17.081069298225884,-5.701343864923336,1.8081613990155396,2.748489346789202,0.21493424935992722,-2.8844342259019404,-8.945151210761704,9.160085460121632,-3.4190504444048933,0.7283529346659847,0.5707401518184184
multitrack,ms_Egda_Carolyn_Saudade_Do_Teu__0,1,-26.471176992113964,-24.995092054052424,,,-1.665246676016614,-12.225393994533032,-21.096170970085307,,,,-4.381707515734295,,-13.305638611095443,,-1.6438576392315807,2.753626643593705,3.203981056477156,-2.9138766381498065,-10.03721493625459,-11.1340555583782,8.220178920228394,-10.545559416889315,-8.02959194512844,0.30274388052136514
multitrack,ms_Enda_Reilly_An_Nasc_Nua_0,1,-12.998324580073566,,,,,,,,,-30.21420228102545,,,-24.63448089904549,,-11.84709488505276,2.5768339565783203,7.712543575447933,6.783829203944567,5.993185776875022,-5.2568082687565525,12.04063747270112,5.582579812733158,12.101321655573773,0.7129061798726201
multitrack,ms_Enda_Reilly_An_Nasc_Nua_1,1,-21.62015618136328,,,,,,,,,-21.318251802333737,,,-16.79846328042626,,-13.655022895230903,2.326202881938014,8.399900596209447,7.009473109105987,6.838783658842573,-6.0415306328543465,13.051003741960333,6.0756868934999595,12.848402353651217,0.7155388844171384
multitrack,ms_Leslie_Mendelson_The_Hardest_0,0,,,,,,,,,,,,,-10.518641482860522,,-10.607448376834768,1.9264893472598423,10.558018173824674,1.4999706090327123,7.305978539914808,-4.570601809493342,6.070572418526054,-1.283110716710651,10.464721984955201,0.5740360085653048
multitrack,ms_Perdidos_Na_Zona_Sul_Meu_Bem_0,1,-25.303671305889253,-28.14900728642025,,,-11.053373938466873,,,-18.382469188457055,,,,,-20.463113556288135,,-4.440339316010643,4.527527506633709,0.2792617794470327,0.5378891926858586,-10.041582592741857,-9.126789663052604,9.664678855738462,-10.74752829098826,-6.595112457414185,0.14001587914821997
multitrack,ms_Perdidos_Na_Zona_Sul_Meu_Bem_1,1,-20.73918408660481,-23.583104844588135,,,-15.242210703247217,,,-16.87525295890591,,,,,-18.14182154439887,,-4.322893525890044,4.789907154435752,1.4772787440192352,0.33540517897526834,-8.739534482698069,-9.463999896316873,9.79940507529214,-9.141737213624971,-5.548718482159134,0.09481933331391149
multitrack,ms_Rod_Alexander_Tears_In_The_R_0,1,-21.67038807550332,-21.74498873549308,,,-5.746978056166424,,-36.53747283694945,,,,,,,,-5.820772301761698,2.5728322788729687,7.8018676994071985,2.8381654451438894,-1.1212518248439096,-3.313870307192006,6.1520357523358955,-1.3212138053618083,0.24256919866544302,0.6555025400983218
multitrack,ms_Rod_Alexander_Tears_In_The_R_1,1,-9.102198250748826,-22.06321917184793,,,-4.445754194330178,,-41.03081998980016,,,,,,,,-2.9238339685762598,4.213186824030728,4.481233091588264,-1.0409356667193477,-9.52381174897845,-8.192069749530095,7.1511340828107475,-10.375597490555016,-7.8415551935744965,0.2861892379260679
multitrack,ms_Spektakulatius_What_Child_Is_0,1,-11.782767894467359,-23.209738728229183,,,,,,-12.93181852370168,,,,,-18.45603533581962,-7.810024960394836,-5.04249802598712,2.31583459110954,3.8286118576269903,0.28521160351941566,-3.4792834855227155,-7.1058895456375435,7.39110114915696,-3.5599251119101423,-0.9493168289423035,0.45920288256561487
multitrack,ms_Spektakulatius_What_Child_Is_1,1,-15.011310172335627,-17.90686863322881,,,,,,-12.518140556598576,,,,,-13.85630707790829,-13.692376246595492,-5.325154149947383,1.9020251258888345,2.6166486479232907,1.1432853705065131,-2.975895759791789,-7.449251745374904,8.592537115881417,-3.6400559965965043,0.4652754631989423,0.33393954955800337
multitrack,ms_Swing_Bazar_Fleche_DOr_0,1,-10.15003815486825,,,,-5.594208101541302,-13.92938742957079,,,,-7.737384017732784,,,,,-2.9189166788896967,2.396362973053902,2.434191431056477,-0.6621482621433529,-5.187202230627918,-9.894833306188174,9.232685044044821,-5.510769328776053,-2.2959483789820943,0.39904094381439237
multitrack,ms_Swing_Bazar_Fleche_DOr_1,1,-4.76308727072128,,,,-1.9846374591293061,-11.718463348073973,,,,-10.286980380529505,,,,,-3.183692991915294,2.9561792914443976,8.105992983260517,-2.1693238593687862,-3.1915639537497293,-6.8503300801824505,4.681006220813664,-3.3348503378879966,-2.0891574046327386,0.7743516406830255
multitrack,ms_Wolfs_Head_Vixen_Morris_Band_0,1,,-22.957161344201257,,,,,,,-5.939019017532555,-13.098837152980083,,,,-16.761888656015252,-6.2233647155243785,1.7490048404475556,8.029294421523732,2.886698155692242,1.5284854607558345,-6.437266006517697,9.32396416220994,1.3985823920727212,3.361575250348107,0.877173480684499
band_pop,syn_band_pop_0,0,-20.512329894517876,-22.38290390533146,-14.196472819599222,,,,,,,,,,-7.0967527652579685,,-4.517575579486889,2.1481353935537064,3.700396509509976,1.1122921001608812,-4.123425948080598,-5.679348137673967,6.791640237834849,-4.711284451045408,-1.735847493217946,0.32087993642656915
buried,syn_buried_0,1,-15.57342896673925,-10.10567209517506,0.4088416657680489,,,,,-0.5570294006976227,,,,,-8.787905387289362,,-1.6428644481881904,3.8876820484794457,-0.12928011185137267,-4.970918853982109,-9.396028475734703,-13.285555620758956,8.314636766776847,-9.887255636723186,-5.533098245366693,0.523978805939067
buried,syn_buried_1,1,-6.275866476176651,-8.614266502624364,2.035587730186675,,,,,5.171762477767672,,,,,-8.701191376958365,,-0.9730800910478279,5.005392663997698,5.008727715699103,-8.367692504764038,-14.001257195672792,-12.047841026408527,3.6801485216444885,-16.407782972399275,-12.748346480590243,0.4150585894344347
chamber_frevo,syn_chamber_frevo_0,1,-37.64726936342861,,,,,,-43.74128597497965,,,,,-23.39010019325724,,-11.605827342872633,-2.4892002773487456,3.1480465658585786,2.0239250939143516,1.00318153512115,-5.1011485378501344,-7.180720551179094,8.183902086300245,-5.98526758833361,-0.016841175881055825,0.05284061857030011
chamber_frevo,syn_chamber_frevo_1,1,-20.83904859391676,,,,,,-34.10824151089055,,,,,-4.352048610151061,,-24.02196249022079,-4.9482523300653005,4.0962225729093,6.629326468319375,2.7471820914953238,1.7770459670087098,-10.25530621425393,13.002488305749253,1.5732895758252419,4.389871382757904,0.7233273811208861
chamber_frevo,syn_chamber_frevo_2,1,-13.635636499896798,,,,,,-36.791026034453765,,,,,-18.925668862850983,,-19.242491829420583,-7.8034104466381375,3.4507146584730974,3.632392121383419,3.1313537914405347,1.2685829320042254,-10.649286542774021,13.780640334214556,0.017566075876219556,6.626432273872803,0.3183784190879089
clean_electric,syn_clean_electric_0,1,,,-7.249285963546852,,,,,,,,,,,,-8.041764456097614,0.9688647727577756,17.791996175562215,6.9818897624727025,7.073381214531425,4.33290830558667,2.648981456886032,7.07062025916867,7.5480498419613316,0.9850142002037893
clean_electric,syn_clean_electric_1,1,,,6.527454566867216,,,,,,,,,,,,-1.328255047232509,5.04168258307107,32.67112488660841,-7.101250621462288,-6.319422588924038,-7.152563230303247,0.05131260884095923,-6.499691566101477,-6.315458374040753,0.9540716007850967
cymbal_drums,syn_cymbal_drums_0,0,,-38.821532660126884,,,,,,,,,,,,,-33.437838601504424,3.355678671674744,4.403501780234411,4.314044561039611,4.273126821912932,-4.113711853963825,8.427756415003437,3.4134590673649736,21.26312067801143,0.28863892643653205
dense,syn_dense_0,1,-30.09383332427188,-27.635508049385663,-13.555109264082839,,,,,-37.22939102533062,,,,-34.24628574774814,-32.95811665417808,-25.741510269618995,-3.0902386099781625,4.111595213806151,-0.5808054620427594,0.2354469066516693,-10.102657025649822,-9.393979391360565,9.629426298012234,-11.628138303712124,-5.45284432693534,0.030532337275787247
distorted_electric,syn_distorted_electric_0,0,-11.603549515509886,-6.2084495402378135,,3.0483401076336465,,,,,,,,,,,-0.9398442980736803,3.612448480072755,3.2792350835926674,-5.057778255654918,-13.408821530988552,-12.37677600030947,7.318997744654552,-14.48362717614269,-11.476045721562334,0.26002059145518386
electric_band,syn_electric_band_0,1,-24.225067777154056,-25.696404044469894,-10.567793411106743,,,,,,,,,,-26.0407106700113,,-7.5272524506681755,3.4414780452033362,3.3695014301029116,3.552826029670203,-0.20089816256387838,-6.810412325482974,10.363238355153177,-0.9289587657108209,4.828840668001866,0.40302941774088324
female_vocal,syn_female_vocal_0,0,,,,,,,,,,,,,-22.030584296976087,,-21.80248956026714,3.09845182840079,13.430000957213585,13.218635758307366,13.065737046079747,-6.02963190967924,19.248267667986607,12.86079120190822,26.42951653543326,0.9060080205265528
piano,syn_piano_0,1,,,,,,,,-7.110744069068775,,,,,,,-7.993544511057339,0.8813613651292659,13.020473144301798,5.667804539819037,5.061602380848795,-1.8686251928612985,7.536429732680335,4.982705116723013,6.327714573373122,0.9365727394957049
piano,syn_piano_1,1,,,,,,,,-4.089964077124907,,,,,,,-3.9861038573605456,1.2042397426199947,9.587111183419687,0.7336965759143008,-1.5882915678010494,2.3463707234124325,-1.6126741474981316,-2.5338871080058993,-0.6060142711123204,0.4688970094317644
piano_band,syn_piano_band_0,1,-33.21756262813355,-35.22285247083274,,,,,,-22.854329361790885,,,,,,,-17.168824400610976,3.0768944937046974,6.288499406479066,4.736919294863263,5.7204975551412,-1.8824573474924704,6.619376642355734,5.067122379092647,15.840780359403967,0.30081575582070863
plucked,syn_plucked_0,1,,,,,,,,,-1.9905804479024278,,,,,,-4.115943159876901,1.4217043986513602,16.319071677591175,1.650179207297653,1.4160392239313246,0.7406868812394305,0.9094923260582226,1.398245869327108,1.6614432543314783,0.9463907585526531
plucked,syn_plucked_1,1,,,,,,,,,0.3950235849349185,,,,,,-3.254619843307474,2.587597232179233,21.278842153368466,-1.2969488152798927,0.1255029173340283,-1.7670771448888176,0.4701283296089249,0.10878037373629112,0.2005205313530083,0.9140408397381463
strings,syn_strings_0,1,,,,,,,,,,,,-23.199971730414603,,,-22.613814666198813,1.9337490683956962,14.787372894896016,12.442493196315619,14.355333045564407,-1.9930629973276912,14.43555619364331,13.154999560798222,24.74273922274259,0.8652440110426712
strings,syn_strings_1,1,,,,,,,,,,,,-23.50272237088259,,,-9.404636225261003,2.691459870051059,2.954063384398022,0.8751924409356276,-3.336817924380197,-0.4848783816430549,1.3600708225786826,-4.144230519205497,-0.3362884500463412,0.03133631089203567
winds,syn_winds_0,1,,,,,,,,,,,,,,-22.561566576825562,-19.468765209469765,2.431362268139536,10.69464368606625,7.580442612260125,9.655737914565284,4.456566837123299,3.123875775136826,8.531741223755265,17.63074850856369,0.47871715869535514
winds,syn_winds_1,1,,,,,,,,,,,,,,-14.174413827377217,-14.270728848742152,1.2296477794455083,15.48579706229225,10.653875536942916,10.409869315834225,3.976879502156387,6.676996034786529,10.349433014047843,12.252647839705595,0.9282916837882936
