category,clip,hard,leak_bass_db,leak_drums_db,leak_electric_guitar_db,leak_keys_db,leak_percussion_db,leak_piano_db,leak_plucked_other_db,leak_strings_db,leak_synth_db,leak_vocals_db,leak_winds_db,leakage_db,mrstft,sar_bss,sdr,sdr_bss,sdr_mix,sdri,si_sdr,sir_bss,target_retention
multitrack,ms_Adam_Buckley_Drag_me_Down_0,1,-20.934913355435356,-25.082633615776867,-24.08752523676125,,,-21.448792561734578,,,-23.09926582348252,-24.411254169895876,,-13.939063980156877,1.8424097193761568,6.488156323097,6.35828325307183,4.433833794792778,-7.357332010527113,13.715615263598943,4.108212305508603,9.652217595217714,0.6581167781796866
multitrack,ms_Andres_Guazzelli_Attention_0,1,-17.014834305964058,-18.747520277611986,-13.806669942223554,-21.144203338506244,,-14.640292183165544,,,-18.04707675319635,,,-6.592278764498985,2.7742643449614133,5.45890971957648,3.3063791256733976,0.8078498463760615,-9.665362066327384,12.971741192000781,0.3932418640328058,3.760205855292946,0.42190287315471625
multitrack,ms_Bolz_Knecht_Summertime_0,1,,,,,,,,,,,-28.039749697540238,-26.157320723129764,1.4342258288651635,9.649708577993316,8.898268731051916,9.288213801763519,1.175499839086223,7.722768891965693,7.801255191564762,20.73967199039575,0.6349481201926609
multitrack,ms_Bolz_Knecht_Summertime_1,1,,,,,,,,,,,-25.677621169952346,-24.947929450591722,1.2067736411369054,12.347611947464447,13.93739789511737,11.468124383276177,-0.1984715633717708,14.13586945848914,11.093862222732142,19.32814920589347,0.8254542859595676
multitrack,ms_Catfolkin_Sant_Jordi_v2_0_0,1,-22.77212395473682,-23.30461428920333,-15.975058194300422,-23.062240743151833,,,,-27.299765261814795,,-22.58437038656524,-30.663125460097508,-11.751535208438522,1.9854066931221037,4.509053880919623,3.957446350853256,-0.047633793432519056,-7.80933394778323,11.766780298636487,-0.8490739220286718,3.4520583064183907,0.5680420208255748
multitrack,ms_Catfolkin_Sant_Jordi_v2_0_1,1,-24.985603119518895,-24.53520118340724,-18.776543462565904,-27.089479504729223,,,,-32.826088374819136,,-25.75962590439602,-30.08787551866932,-12.097104231719676,2.235415953175982,3.22401669497627,2.4610868064634723,0.5583366384354027,-8.885120412371556,11.346207218835028,-1.3284896506467279,5.728203596109668,0.3381387184790918
multitrack,ms_Egda_Carolyn_Saudade_Do_Teu__0,1,-20.478237179768403,-27.696356447682334,-16.400698603857148,-19.11441136675965,-34.94431074397626,,,,-23.831946577540677,-23.052731251506707,,-11.132490481686991,1.9600089040277233,4.281315639187534,3.7724900174895835,2.0701341060063716,-11.096631176999068,14.869121194488653,1.3521685352131356,7.590009013513995,0.55161897741018
multitrack,ms_Enda_Reilly_An_Nasc_Nua_0,1,-24.606212090690654,,,,,,,-29.99452685373773,,-23.387662917121602,,-19.272539152125102,1.6959557687902629,10.279391074528652,9.771621465578864,9.010710239459222,-5.20700915536543,14.978630620944294,8.618154037904805,15.388826224660555,0.7191836222432473
multitrack,ms_Enda_Reilly_An_Nasc_Nua_1,1,-30.176044982399883,,,,,,,-24.040713898360593,,-17.217310532347554,,-15.730876433584044,1.681549804648916,11.12527822992022,9.556263782555307,9.45648487549789,-6.00620757270775,15.562471355263057,9.044016616753023,14.7502651638893,0.8129377716915562
multitrack,ms_Leslie_Mendelson_The_Hardest_0,0,,,,,,,,,,-10.375292921092749,,-10.438032125626615,2.092313721794032,10.179999350036914,1.4423750093067345,7.267153336246858,-4.5495385311177525,5.991913540424487,-1.405985281099194,10.79112595192122,0.5641094021552108
multitrack,ms_Perdidos_Na_Zona_Sul_Meu_Bem_0,1,-13.017034329671253,-23.779990312378825,-10.761926774403985,,,-16.945660361902636,,,,-18.708147158145895,,-7.1288976485455136,2.3851818679829173,1.8580975337811079,1.1081546994158067,-3.977908265468827,-9.05302945051508,10.161184149930886,-4.198229379271222,-0.39351921839214055,0.49765416067435225
multitrack,ms_Perdidos_Na_Zona_Sul_Meu_Bem_1,1,-17.084995026737047,-22.82209891470354,-18.364683904349903,,,-18.655013596655355,,,,-18.07278359592535,,-8.766578809954467,2.4599731508127918,4.0024233336735735,1.8679593765678246,-2.134758705619773,-9.397870905162694,11.26583028173052,-2.799308091371934,1.0117537228194324,0.36684186824335324
multitrack,ms_Rod_Alexander_Tears_In_The_R_0,1,-12.429490894583102,-22.29205917194415,-22.579231186567515,,-35.10038710308875,,,,,,,-11.371954824227135,2.1289490698004823,8.237436132650803,6.031579533899107,4.1521398492774955,-3.270074673321745,9.301654207220853,3.5618433066540445,7.762783724747135,0.7387369940248433
multitrack,ms_Rod_Alexander_Tears_In_The_R_1,1,-8.007360819638487,-19.04975133745418,-15.525754806820673,,-36.673760431293005,,,,,,,-7.222231437360564,2.3697146888409173,3.9484591424776605,1.0758244863005715,-3.1871054904038822,-8.14522939218278,9.221053878483351,-3.8526277387565044,-0.562822637090858,0.572243942934387
multitrack,ms_Spektakulatius_What_Child_Is_0,1,-17.083870606283156,-25.374458082850254,,,,-20.93099060236371,,,,-19.974953064216155,-20.234885689755643,-12.316871936179375,1.7379027206865718,7.648385473364042,5.97408186491397,4.906713070619939,-7.053466657088565,13.027548522002535,4.82160578953547,8.895927369452885,0.6982749230860398
multitrack,ms_Spektakulatius_What_Child_Is_1,1,-21.88861307214131,-19.981758994563542,,,,-22.50625422998326,,,,-26.35519138905609,-22.056945877309282,-13.161226828006507,1.878266560306628,5.397987648906714,4.790932240336627,3.3041131392714123,-7.410613393933111,12.201545634269738,3.074346219310512,8.580045015170953,0.5393460338512378
multitrack,ms_Swing_Bazar_Fleche_DOr_0,1,-12.007892108087626,,-1.6335593373070183,-12.297058380539296,,,,-14.21452354652699,,,,-3.4568909703984314,2.332384640378914,5.569304858991751,-0.6122546229138395,-0.5664939373972756,-9.841617324531395,9.229362701617555,-0.6272592126549761,1.835503609884275,0.7796177500624467
multitrack,ms_Swing_Bazar_Fleche_DOr_1,1,-1.5708673466212884,,-2.0611306513572196,-12.159223310592663,,,,-14.278199508400158,,,,-2.950046213088541,2.95013230113859,8.539624754625715,-3.0396417683184973,-3.516815266730087,-6.798497596797334,3.7588558284788363,-3.6614734070322674,-2.5394708342718317,0.7854494861538113
multitrack,ms_Wolfs_Head_Vixen_Morris_Band_0,1,,-20.24108684266291,,,,,-11.905264330296275,-19.438559574883353,,,-26.86018865379441,-10.728889702305544,1.8078495944406632,9.634281184703907,7.045177154484747,6.112263307353088,-6.395450474368697,13.440627628853443,5.819475218740418,9.16996426074828,0.8483871802415415
